language_name,language_code,country
Algerian Arabic,arq,Algeria
Algerian Jewish Sign Language,ajs,Algeria
Algerian Saharan Arabic,aao,Algeria
Algerian Sign Language,asp,Algeria
Chenoua,cnu,Algeria
Hassaniyya Arabic,mey,Algeria
Kabyle,kab,Algeria
Korandje,kcy,Algeria
Tachawit,shy,Algeria
Tagargrent,oua,Algeria
Tahaggart Tamahaq,thv,Algeria
Taznatit,grr,Algeria
Temacine Tamazight,tjo,Algeria
Tidikelt Tamazight,tia,Algeria
Tumzabt,mzb,Algeria
Chokwe,cjk,Angola
Civili,vif,Angola
Dhimba,dhm,Angola
Gciriku,diu,Angola
Himba,her,Angola
Holu,hol,Angola
Hungu,hng,Angola
Khongo,lwa,Angola
Khwedam,xuu,Angola
Kibala,blv,Angola
Kikongo,kwy,Angola
Kimbundu,kmb,Angola
Kiyombe,yom,Angola
Kuvale,olu,Angola
Kwadi,kwz,Angola
Kwandu,xdo,Angola
Kwangali,kwn,Angola
Luba-Lulua,lua,Angola
Luchazi,lch,Angola
Luimbi,lum,Angola
Lunda,lun,Angola
Luvale,lue,Angola
Makoma,sie,Angola
Mashi,mho,Angola
Mbangala,mxg,Angola
Mbukushu,mhw,Angola
Mbunda,mck,Angola
Mbwela,mfu,Angola
Mpinda,pnd,Angola
Ndombe,ndq,Angola
Ngendelengo,nql,Angola
Nkangala,nkn,Angola
Nkumbi,khu,Angola
Northwestern !Kung,vaj,Angola
Nyaneka,nyk,Angola
Nyemba,nba,Angola
Nyengo,nye,Angola
Oshiwambo,kua,Angola
Songo,nsx,Angola
Suku,sub,Angola
Suundi,sdj,Angola
Umbundu,umb,Angola
Yaka,yaf,Angola
Yauma,yax,Angola
,,Angola
Aguna,aug,Benin
Aja,ajg,Benin
Anii,blo,Benin
Anufo,cko,Benin
Ayizo Gbe,ayb,Benin
Baatonum,bba,Benin
Biali,beh,Benin
Boko,bqc,Benin
Borgu Fulfulde,fue,Benin
Ci Gbe,cib,Benin
Defi Gbe,gbh,Benin
Dendi,ddn,Benin
Ditammari,tbz,Benin
Eastern Xwla Gbe,gbx,Benin
Ede Cabe,cbj,Benin
Ede Ica,ica,Benin
Ede Idaca,idd,Benin
Ede Ije,ijj,Benin
Fon,fon,Benin
Foodo,fod,Benin
Gbesi Gbe,gbs,Benin
Gen,gej,Benin
Gorgal Fulfulde,fuh,Benin
Gourmanchéma,gux,Benin
Gun,guw,Benin
Ifè,ife,Benin
Kabiyè,kbp,Benin
Kotafon Gbe,kqk,Benin
Kura Ede Nago,nqk,Benin
Kyanga,tye,Benin
Lama,las,Benin
Lukpa,dop,Benin
Maxi Gbe,mxl,Benin
Mbelime,mql,Benin
Miyobe,soy,Benin
Mokole,mkl,Benin
Nateni,ntm,Benin
Ngangam,gng,Benin
Northern Nago,xkb,Benin
Notre,bly,Benin
Saxwe Gbe,sxw,Benin
Southern Nago,nqg,Benin
Tchumbuli,bqa,Benin
Tofin Gbe,tfi,Benin
Waama,wwa,Benin
Waci Gbe,wci,Benin
Weme Gbe,wem,Benin
Western Xwla Gbe,xwl,Benin
Xwela Gbe,xwe,Benin
Yom,pil,Benin
Afrikaans,afr,Botswana
Birwa,brl,Botswana
Gciriku,diu,Botswana
Herero,her,Botswana
Juǀ’hoansi,ktz,Botswana
Kalanga,kck,Botswana
Kgalagadi,xkv,Botswana
Khwedam,xuu,Botswana
Kua,tyu,Botswana
Kuhane,sbs,Botswana
Kung-Ekoka,knw,Botswana
Lower Nossob,nsb,Botswana
Lozi,loz,Botswana
Mbukushu,mhw,Botswana
Nambya,nmq,Botswana
Naro,nhr,Botswana
Ndebele,nde,Botswana
Setswana,tsn,Botswana
Shua,shg,Botswana
Taa,nmn,Botswana
Tshuwau,hio,Botswana
Tswapong,two,Botswana
Yeyi,yey,Botswana
ǀGwi,gwj,Botswana
ǁAni,hnh,Botswana
ǁGana,gnk,Botswana
ǂ’Amkhoe,huc,Botswana
Biali,beh,Burkina Faso
Bisa,bib,Burkina Faso
Bolon,bof,Burkina Faso
Bomu,bmq,Burkina Faso
Buamu,box,Burkina Faso
Burkina Faso Fulfulde,fuh,Burkina Faso
Cerma,cme,Burkina Faso
Cwi Bwamu,bwy,Burkina Faso
Dagaari Dioula,dgd,Burkina Faso
Dogoso,dgs,Burkina Faso
Dogosé,dos,Burkina Faso
Dyan,dya,Burkina Faso
Dzùùngoo,dnn,Burkina Faso
Eastern Karaboro,xrb,Burkina Faso
Gourmanchéma,gux,Burkina Faso
Jalkunan,bxl,Burkina Faso
Jamsay Dogon,djm,Burkina Faso
Jula,dyu,Burkina Faso
Kaansa,gna,Burkina Faso
Kalamsé,knz,Burkina Faso
Kasem,xsm,Burkina Faso
Khe,kqg,Burkina Faso
Khisa,kqm,Burkina Faso
Kidal Tamasheq,taq,Burkina Faso
Konabéré,bbo,Burkina Faso
Koromfé,kfz,Burkina Faso
Kpeego,cpo,Burkina Faso
Kusaal,kus,Burkina Faso
Lobi,lob,Burkina Faso
Lyélé,lee,Burkina Faso
Láá Láá Bwamu,bwj,Burkina Faso
Malba Birifor,bfo,Burkina Faso
Marka,rkm,Burkina Faso
Matya Samo,stj,Burkina Faso
Maya Samo,sym,Burkina Faso
Moba,mfq,Burkina Faso
Moore,mos,Burkina Faso
Nanerigé Sénoufo,sen,Burkina Faso
Natioro,nti,Burkina Faso
Ninkare,gur,Burkina Faso
Northern Dagara,dgi,Burkina Faso
Northern Nuni,nuv,Burkina Faso
Northern Toussian,tsp,Burkina Faso
Paleni,pnl,Burkina Faso
Pana,pnq,Burkina Faso
Phuie,pug,Burkina Faso
Seenku,sos,Burkina Faso
Senara Sénoufo,seq,Burkina Faso
Siamou,sif,Burkina Faso
Sininkere,skq,Burkina Faso
Sissala,sld,Burkina Faso
Songhay,hmb,Burkina Faso
Southern Bobo Madaré,bwq,Burkina Faso
Southern Nuni,nnw,Burkina Faso
Southern Samo,sbd,Burkina Faso
Southern Toussian,wib,Burkina Faso
Sìcìté Sénoufo,sep,Burkina Faso
Tiéfo,tiq,Burkina Faso
Tomo Kan Dogon,dtm,Burkina Faso
Turka,tuz,Burkina Faso
Téén,lor,Burkina Faso
Viemo,vig,Burkina Faso
Wara,wbf,Burkina Faso
Western Karaboro,kza,Burkina Faso
Winyé,kst,Burkina Faso
Zarma,dje,Burkina Faso
Burundian Sign Language,lsb,Burundi
Rundi,run,Burundi
Adamawa Fulfulde,fub,Cameroon
Afade,aal,Cameroon
Aghem,agq,Cameroon
Ajumbu,muc,Cameroon
Akoose,bss,Cameroon
Akum,aku,Cameroon
Ambele,ael,Cameroon
Atong,ato,Cameroon
Awing,azo,Cameroon
Babanki,bbk,Cameroon
Bafaw-Balong,bwt,Cameroon
Bafia,ksf,Cameroon
Bafut,bfd,Cameroon
Baka,bkc,Cameroon
Bakaka,bqz,Cameroon
Bakoko,bkh,Cameroon
Bakole,kme,Cameroon
Baldemu,bdn,Cameroon
Balo,bqo,Cameroon
Bambili-Bambui,baw,Cameroon
Bamun,bax,Cameroon
Bana,bcw,Cameroon
Bangandu,bgf,Cameroon
Bankon,abb,Cameroon
Barombi,bbi,Cameroon
Basaa,bas,Cameroon
Bassossi,bsi,Cameroon
Bata,bta,Cameroon
Batanga,bnm,Cameroon
Bati,btc,Cameroon
Beba,bfp,Cameroon
Bebele,beb,Cameroon
Bebil,bxp,Cameroon
Beezen,bnz,Cameroon
Befang,bby,Cameroon
Bekwel,bkw,Cameroon
Bikya,byb,Cameroon
Bishuo,bwh,Cameroon
Bitare,brt,Cameroon
Bokyi,bky,Cameroon
Bomwali,bmw,Cameroon
Bonkeng,bvg,Cameroon
Bubia,bbx,Cameroon
Buduma,bdm,Cameroon
Bulu,bum,Cameroon
Bum,bmv,Cameroon
Bung,bqd,Cameroon
Busam,bxs,Cameroon
Busuu,bju,Cameroon
Buwal,bhs,Cameroon
Byep,mkk,Cameroon
Caka,ckx,Cameroon
Cameroon Mambila,mcu,Cameroon
Cameroon Pidgin,wes,Cameroon
Chopechop,bbq,Cameroon
Chrambo,bmo,Cameroon
Chufie’,bfj,Cameroon
Chung,cnq,Cameroon
Cuvok,cuv,Cameroon
Daba,dbq,Cameroon
Dama,dmm,Cameroon
Da’a,jia,Cameroon
Denya,anv,Cameroon
Dii,dur,Cameroon
Dimbong,dii,Cameroon
Doyayo,dow,Cameroon
Duala,dua,Cameroon
Dugun,ndu,Cameroon
Dugwor,dme,Cameroon
Duli-Gey,duz,Cameroon
Durop,krp,Cameroon
Duupa,dae,Cameroon
Efai,efa,Cameroon
Ejagham,etu,Cameroon
Eman,emn,Cameroon
Esimbi,ags,Cameroon
Eton,eto,Cameroon
Evant,bzz,Cameroon
Ewondo,ewo,Cameroon
Fang,fan,Cameroon
Fang,fak,Cameroon
Fe’fe’,fmp,Cameroon
Gavar,gou,Cameroon
Gbaya-Mbodomo,gmm,Cameroon
Ghomálá’,bbj,Cameroon
Gidar,gid,Cameroon
Gimme,kmp,Cameroon
Gimnime,gmn,Cameroon
Giziga,giz,Cameroon
Glavda,glw,Cameroon
Gude,gde,Cameroon
Gvoko,ngs,Cameroon
Gyeli,gyi,Cameroon
Hdi,xed,Cameroon
Hijuk,hij,Cameroon
Hya,hya,Cameroon
Iceve-Maci,bec,Cameroon
Ipulo,ass,Cameroon
Isu,isu,Cameroon
Isubu,szv,Cameroon
Iyasa,yko,Cameroon
Iyive,uiv,Cameroon
Jimjimen,jim,Cameroon
Jukun Takum,jbu,Cameroon
Kako,kkj,Cameroon
Kamkam,bgu,Cameroon
Karang,kzr,Cameroon
Kare,kbn,Cameroon
Kasabe,luw,Cameroon
Kemedzung,dmo,Cameroon
Kendem,kvm,Cameroon
Kenswei Nsei,ndb,Cameroon
Kenyang,ken,Cameroon
Kera,ker,Cameroon
Kol,biw,Cameroon
Kolbila,klc,Cameroon
Kom,bkm,Cameroon
Koma,kmy,Cameroon
Koonzime,ozm,Cameroon
Koshin,kid,Cameroon
Kuk,kfn,Cameroon
Kung,kfl,Cameroon
Kuo,xuo,Cameroon
Kutep,kub,Cameroon
Kwaja,kdz,Cameroon
Kwakum,kwu,Cameroon
Kwanja,knp,Cameroon
Kwasio,nmg,Cameroon
Lagwan,kot,Cameroon
Laimbue,lmx,Cameroon
Lamnsoʼ,lns,Cameroon
La’bi,lbi,Cameroon
Lefa,lfa,Cameroon
Leti,leo,Cameroon
Lidzonka,add,Cameroon
Limbum,lmp,Cameroon
Longto,wok,Cameroon
Mada,mxu,Cameroon
Mafa,maf,Cameroon
Majera,xmj,Cameroon
Makaa,mcp,Cameroon
Malgbe,mxf,Cameroon
Mambai,mcs,Cameroon
Mankong,bqt,Cameroon
Manta,myg,Cameroon
Masana,mcn,Cameroon
Maslam,msv,Cameroon
Matal,mfh,Cameroon
Matsuva,tsh,Cameroon
Mazagway-Hidi,dkx,Cameroon
Mbessa,emz,Cameroon
Mbo,mbo,Cameroon
Mbonga,xmb,Cameroon
Mbo’,mtk,Cameroon
Mbudum,xmd,Cameroon
Mbuk,bpc,Cameroon
Mbuko,mqb,Cameroon
Mbule,mlb,Cameroon
Mbum,mdd,Cameroon
Medumba,byv,Cameroon
Mefele,mfj,Cameroon
Mendankwe-Nkwen,mfd,Cameroon
Mendenkye,bgj,Cameroon
Mengaka,xmg,Cameroon
Mengambo,bce,Cameroon
Mengisa,mct,Cameroon
Menka,mea,Cameroon
Merey,meq,Cameroon
Mesaka,iyo,Cameroon
Meta’,mgo,Cameroon
Mfumte,nfu,Cameroon
Mina,hna,Cameroon
Mmen,bfm,Cameroon
Mofu-Gudur,mif,Cameroon
Moghamo,nbv,Cameroon
Mokpwe,bri,Cameroon
Moloko,mlw,Cameroon
Mom Jango,ver,Cameroon
Mono,mru,Cameroon
Mpade,mpi,Cameroon
Mpiemo,mcx,Cameroon
Mpumpong,mgg,Cameroon
Mser,kqx,Cameroon
Mubako,muo,Cameroon
Mulimba,mzd,Cameroon
Mundabli,boe,Cameroon
Mundang,mua,Cameroon
Mundani,mnf,Cameroon
Mungaka,mhk,Cameroon
Mungbam,mij,Cameroon
Musey,mse,Cameroon
Musgu,mug,Cameroon
Muyang,muy,Cameroon
Naami,bzv,Cameroon
Nagumi,ngv,Cameroon
Naki,mff,Cameroon
Nchane,ncr,Cameroon
Ndai,gke,Cameroon
Nda’nda’,nnz,Cameroon
Ndemli,nml,Cameroon
Ndoola,ndr,Cameroon
Ngambay,sba,Cameroon
Ngemba,nge,Cameroon
Ngie,ngj,Cameroon
Ngiemboon,nnh,Cameroon
Ngiemekohke,bvm,Cameroon
Ngomba,jgo,Cameroon
Ngombale,nla,Cameroon
Ngoshie,nsh,Cameroon
Ngwe,nwe,Cameroon
Ngwo,ngn,Cameroon
Nimbari,nmr,Cameroon
Nizaa,sgi,Cameroon
Njen,njj,Cameroon
Njyem,njy,Cameroon
Nkongho,nkc,Cameroon
Nomaande,lem,Cameroon
Noone,nhu,Cameroon
North Fali,fll,Cameroon
North Giziga,gis,Cameroon
North Mofu,mfk,Cameroon
Northwest Gbaya,gya,Cameroon
Nsiteu,bko,Cameroon
Nubaca,baf,Cameroon
Nugunu,yas,Cameroon
Nulibie,ekm,Cameroon
Numala,mmu,Cameroon
Nyokon,nvo,Cameroon
Nzakambay,nzy,Cameroon
Nzanyi,nja,Cameroon
Oblo,obl,Cameroon
Oku,oku,Cameroon
Oroko,bdu,Cameroon
Osatu,ost,Cameroon
Pam,pmn,Cameroon
Pana,pnz,Cameroon
Parkwa,pbi,Cameroon
Pere,pfe,Cameroon
Pinyin,pny,Cameroon
Pol,pmm,Cameroon
Psikye,kvj,Cameroon
Pévé,lme,Cameroon
Samba Leko,ndi,Cameroon
Sari,asj,Cameroon
Sharwa,swq,Cameroon
Shuwa Arabic,shu,Cameroon
South Fali,fal,Cameroon
Suma,sqm,Cameroon
Supapya,bbw,Cameroon
Swo,sox,Cameroon
Tibea,ngy,Cameroon
Tigon Mbembe,nza,Cameroon
Tikar,tik,Cameroon
Tiv,tiv,Cameroon
To,toz,Cameroon
Tuki,bag,Cameroon
Tunen,tvu,Cameroon
Tuotomb,ttf,Cameroon
Tupuri,tui,Cameroon
Twendi,twn,Cameroon
Usaghade,usk,Cameroon
Vame,mlr,Cameroon
Vemgo-Mabas,vem,Cameroon
Vengo,bav,Cameroon
Vute,vut,Cameroon
Wandala,mfi,Cameroon
Wawa,www,Cameroon
Weh,weh,Cameroon
Wumboko,bqm,Cameroon
Wushi,bse,Cameroon
Wuzlam,udl,Cameroon
Yamba,yam,Cameroon
Yambeta,yat,Cameroon
Yangben,yav,Cameroon
Yemba,ybb,Cameroon
Yeni,yei,Cameroon
Yerwa Kanuri,knc,Cameroon
Yukuben,ybl,Cameroon
Zhoa,zhw,Cameroon
Zizilivakan,ziz,Cameroon
Zulgo-Gemzek,gnd,Cameroon
Zumaya,zuy,Cameroon
Kabuverdianu,kea,Cabo Verde
Ali,aiy,Central African Republic
Banda-Bambari,liy,Central African Republic
Banda-Banda,bpd,Central African Republic
Banda-Mbrès,bqk,Central African Republic
Banda-Ndélé,bfl,Central African Republic
Banda-Yangere,yaj,Central African Republic
Bhogoto,bdt,Central African Republic
Birri,bvq,Central African Republic
Bodo,boy,Central African Republic
Bofi,bff,Central African Republic
Buraka,bkg,Central African Republic
Dagba,dgk,Central African Republic
Dendi,deq,Central African Republic
Fulu,fuu,Central African Republic
Ganzi,gnz,Central African Republic
Gbanu,gbv,Central African Republic
Gbanziri,gbg,Central African Republic
Gbaya-Bossangoa,gbp,Central African Republic
Gbaya-Bozoum,gbq,Central African Republic
Gbayi,gyg,Central African Republic
Geme,geq,Central African Republic
Gubu,gox,Central African Republic
Gula,kcm,Central African Republic
Gundi,gdi,Central African Republic
Kabba,ksp,Central African Republic
Kako,kkj,Central African Republic
Kara,kah,Central African Republic
Kare,kbn,Central African Republic
Kpagua,kuw,Central African Republic
Kpatili,kym,Central African Republic
Laka,lap,Central African Republic
Langbashe,lna,Central African Republic
Limassa,bme,Central African Republic
Luto,ndy,Central African Republic
Mandja,mzv,Central African Republic
Mbangi,mgn,Central African Republic
Mbati,mdn,Central African Republic
Mbay,myb,Central African Republic
Mid-Southern Banda,bjo,Central African Republic
Monzombo,moj,Central African Republic
Mpiemo,mcx,Central African Republic
Ngam,nmc,Central African Republic
Ngando,ngd,Central African Republic
Ngbaka Manza,ngg,Central African Republic
Ngbaka Ma’bo,nbm,Central African Republic
Ngombe,nmj,Central African Republic
Ngundu,nue,Central African Republic
Northwest Gbaya,gya,Central African Republic
Nzakara,nzk,Central African Republic
Pana,pnz,Central African Republic
Pande,bkj,Central African Republic
Riverain Sango,snj,Central African Republic
Runga,rou,Central African Republic
Sango,sag,Central African Republic
Sara Kaba,sbz,Central African Republic
Sere,swf,Central African Republic
South Central Banda,lnl,Central African Republic
Southwest Gbaya,gso,Central African Republic
Suma,sqm,Central African Republic
Togbo-Vara Banda,tor,Central African Republic
Ukhwejo,ukh,Central African Republic
Vale,vae,Central African Republic
West Central Banda,bbp,Central African Republic
Yaka,axk,Central African Republic
Yakoma,yky,Central African Republic
Yulu,yul,Central African Republic
Zande,zne,Central African Republic
Adamawa Fulfulde,fub,Chad
Amdang,amj,Chad
Assangori,sjg,Chad
Bagirmi,bmi,Chad
Bagirmi Fulfulde,fui,Chad
Barein,bva,Chad
Bedjond,bjv,Chad
Berakou,bxv,Chad
Besme,bes,Chad
Bidiyo,bid,Chad
Birgit,btf,Chad
Bolgo,bvo,Chad
Bon Gula,glc,Chad
Boor,bvf,Chad
Bua,bub,Chad
Buduma,bdm,Chad
Buso,bso,Chad
Chadian Arabic,shu,Chad
Chadian Sign Language,cds,Chad
Dangaléat,daa,Chad
Dar Daju Daju,djc,Chad
Dar Sila Daju,dau,Chad
Day,dai,Chad
Dazaga,dzg,Chad
Disa,dsi,Chad
Fania,fni,Chad
Fongoro,fgr,Chad
Fur,fvr,Chad
Gabri,gab,Chad
Gadang,gdk,Chad
Gidar,gid,Chad
Gor,gqr,Chad
Goundo,goy,Chad
Gula,glu,Chad
Gula Iro,glj,Chad
Gulay,gvl,Chad
Herdé,hed,Chad
Horo,hor,Chad
Jaya,jyy,Chad
Jonkor Bourmataguil,jeu,Chad
Kaba,ksp,Chad
Kabalai,kvf,Chad
Kajakse,ckq,Chad
Kanembu,kbl,Chad
Karang,kzr,Chad
Karanga,kth,Chad
Kendeje,klf,Chad
Kenga,kyq,Chad
Kera,ker,Chad
Kibet,kie,Chad
Kim,kia,Chad
Kimré,kqp,Chad
Koke,kou,Chad
Kujarge,vkj,Chad
Kulfa,kxj,Chad
Kuo,xuo,Chad
Kwang,kvi,Chad
Laal,gdm,Chad
Lagwan,kot,Chad
Laka,lap,Chad
Lele,lln,Chad
Luto,ndy,Chad
Maba,mde,Chad
Mabire,muj,Chad
Majera,xmj,Chad
Malgbe,mxf,Chad
Mambai,mcs,Chad
Mango,mge,Chad
Mararit,mgb,Chad
Marba,mpg,Chad
Marfa,mvu,Chad
Masalit,mls,Chad
Masana,mcn,Chad
Maslam,msv,Chad
Masmaje,mes,Chad
Massalat,mdg,Chad
Mawa,mcw,Chad
Mbara,mpk,Chad
Mbay,myb,Chad
Mesme,zim,Chad
Migaama,mmy,Chad
Miltu,mlj,Chad
Mogum,mou,Chad
Morom,bdo,Chad
Mpade,mpi,Chad
Mser,kqx,Chad
Mubi,mub,Chad
Mukulu,moz,Chad
Mulgi,mvh,Chad
Mundang,mua,Chad
Musey,mse,Chad
Musgu,mug,Chad
Muskum,mje,Chad
Naba,mne,Chad
Nancere,nnc,Chad
Ndam,ndm,Chad
Ngam,nmc,Chad
Ngambay,sba,Chad
Ngete,nnn,Chad
Niellim,nie,Chad
Noy,noy,Chad
Nzakambay,nzy,Chad
Pana,pnz,Chad
Pévé,lme,Chad
Runga,rou,Chad
Saba,saa,Chad
Sar,mwm,Chad
Sara Kaba Démé,kwg,Chad
Sara Kaba Naa,kwv,Chad
Sarua,swy,Chad
Sinyar,sys,Chad
Sokoro,sok,Chad
Soumraye,sor,Chad
Surbakhal,sbj,Chad
Tama,tma,Chad
Tamki,tax,Chad
Tedaga,tuq,Chad
Tobanga,tng,Chad
Toram,trj,Chad
Tumak,tmc,Chad
Tunia,tug,Chad
Tupuri,tui,Chad
Ubi,ubi,Chad
Yerwa Kanuri,knc,Chad
Zaghawa,zag,Chad
Zan Gula,zna,Chad
Zerenkel,zrn,Chad
Mwali Comorian,wlc,Comoros
Ndzwani Comorian,wni,Comoros
Ngazidja Comorian,zdj,Comoros
Aka,axk,Congo
Akwa,akw,Congo
Beembe,beq,Congo
Bekwel,bkw,Congo
Bobangi,bni,Congo
Bomitaba,zmx,Congo
Bomwali,bmw,Congo
Bongili,bui,Congo
Bonjo,bok,Congo
Bwisi,bwz,Congo
Dibole,bvx,Congo
Doondo,dde,Congo
Kaamba,xku,Congo
Kituba,mkw,Congo
Koongo,kng,Congo
Kota,koq,Congo
Koyo,koh,Congo
Kunyi,njx,Congo
Laari,ldi,Congo
Likuba,kxx,Congo
Likwala,kwc,Congo
Lingala,lin,Congo
Lumbu,lup,Congo
Mbandja,zmz,Congo
Mbangwe,zmn,Congo
Mbere,mdt,Congo
Mboko,mdu,Congo
Mbosi,mdw,Congo
Moi,mow,Congo
Monzombo,moj,Congo
Mpyemo,mcx,Congo
Ndasa,nda,Congo
Ngbaka,nga,Congo
Ngom,nra,Congo
Ngundi,ndn,Congo
Ngungwel,ngz,Congo
Njebi,nzb,Congo
Njyem,njy,Congo
Ombamba,mbm,Congo
Punu,puu,Congo
Suundi,sdj,Congo
Teke-Eboo,ebo,Congo
Teke-Ibali,tek,Congo
Teke-Kukuya,kkw,Congo
Teke-Laali,lli,Congo
Teke-Nzikou,nzu,Congo
Teke-Tege,teg,Congo
Teke-Tsaayi,tyi,Congo
Teke-Tyee,tyx,Congo
Teke-Wuumu,ifm,Congo
Tsaangi,tsa,Congo
Vili,vif,Congo
Wumbvu,wum,Congo
Yaka,iyx,Congo
Yombe,yom,Congo
Abidji,abi,Cote d'Ivoire
Abron,abr,Cote d'Ivoire
Abure,abu,Cote d'Ivoire
Abé,aba,Cote d'Ivoire
Adioukrou,adj,Cote d'Ivoire
Alladian,ald,Cote d'Ivoire
Anyin,any,Cote d'Ivoire
Anyin Morofo,mtb,Cote d'Ivoire
Aproumu Aizi,ahp,Cote d'Ivoire
Attié,ati,Cote d'Ivoire
Avikam,avi,Cote d'Ivoire
Bakwé,bjw,Cote d'Ivoire
Bambara,bam,Cote d'Ivoire
Baoulé,bci,Cote d'Ivoire
Beng,nhb,Cote d'Ivoire
Beti,eot,Cote d'Ivoire
Bondoukou Kulango,kzc,Cote d'Ivoire
Bouna Kulango,nku,Cote d'Ivoire
Cebaara Sénoufo,sef,Cote d'Ivoire
Cerma,cme,Cote d'Ivoire
Daho-Doo,das,Cote d'Ivoire
Daloa Bété,bev,Cote d'Ivoire
Dan,dnj,Cote d'Ivoire
Djimini Sénoufo,dyi,Cote d'Ivoire
Ega,ega,Cote d'Ivoire
Esuma,esm,Cote d'Ivoire
Gagnoa Bété,btg,Cote d'Ivoire
Gban,ggu,Cote d'Ivoire
Gbin,xgb,Cote d'Ivoire
Glio-Oubi,oub,Cote d'Ivoire
Godié,god,Cote d'Ivoire
Goo,gov,Cote d'Ivoire
Guiberoua Bété,bet,Cote d'Ivoire
Guro,goa,Cote d'Ivoire
Guébie,gie,Cote d'Ivoire
Jeri Kuo,jek,Cote d'Ivoire
Jula,dyu,Cote d'Ivoire
Khisa,kqm,Cote d'Ivoire
Kla-Dan,lda,Cote d'Ivoire
Kodia,kwp,Cote d'Ivoire
Koro,kfo,Cote d'Ivoire
Kouya,kyf,Cote d'Ivoire
Koyaga,kga,Cote d'Ivoire
Krobu,kxb,Cote d'Ivoire
Lakota Dida,dic,Cote d'Ivoire
Lobi,lob,Cote d'Ivoire
Loma,loi,Cote d'Ivoire
Mahou,mxx,Cote d'Ivoire
Mbre,mka,Cote d'Ivoire
Mobumrin Aizi,ahm,Cote d'Ivoire
Mwan,moa,Cote d'Ivoire
Neyo,ney,Cote d'Ivoire
Ngen,gnj,Cote d'Ivoire
Nghlwa,gwa,Cote d'Ivoire
Nyabwa,nwb,Cote d'Ivoire
Nyarafolo Sénoufo,sev,Cote d'Ivoire
Nzema,nzi,Cote d'Ivoire
Palaka Sénoufo,plr,Cote d'Ivoire
Plapo Krumen,ktj,Cote d'Ivoire
Pye Krumen,pye,Cote d'Ivoire
Shempire Sénoufo,seb,Cote d'Ivoire
Southern Birifor,biv,Cote d'Ivoire
Tagwana Sénoufo,tgw,Cote d'Ivoire
Tchaman,ebr,Cote d'Ivoire
Tepo Krumen,ted,Cote d'Ivoire
Tiagbamrin Aizi,ahi,Cote d'Ivoire
Tonjon,tjn,Cote d'Ivoire
Toura,neb,Cote d'Ivoire
Téén,lor,Cote d'Ivoire
Wan,wan,Cote d'Ivoire
Wané,hwa,Cote d'Ivoire
Western Krahn,krw,Cote d'Ivoire
Wojenaka,jod,Cote d'Ivoire
Worodougou,jud,Cote d'Ivoire
Wè Northern,wob,Cote d'Ivoire
Wè Southern,gxx,Cote d'Ivoire
Wè Western,wec,Cote d'Ivoire
Yaouré,yre,Cote d'Ivoire
Yocoboué Dida,gud,Cote d'Ivoire
Alur,alz,"Congo, The Democratic Republic of the"
Amba,rwm,"Congo, The Democratic Republic of the"
Asoa,asv,"Congo, The Democratic Republic of the"
Aushi,auh,"Congo, The Democratic Republic of the"
Avokaya,avu,"Congo, The Democratic Republic of the"
Babango,bbm,"Congo, The Democratic Republic of the"
Baka,bdh,"Congo, The Democratic Republic of the"
Bali,bcp,"Congo, The Democratic Republic of the"
Baloi,biz,"Congo, The Democratic Republic of the"
Bangala,bxg,"Congo, The Democratic Republic of the"
Bangba,bbe,"Congo, The Democratic Republic of the"
Bangi,bni,"Congo, The Democratic Republic of the"
Bangubangu,bnx,"Congo, The Democratic Republic of the"
Barambu,brm,"Congo, The Democratic Republic of the"
Beeke,bkf,"Congo, The Democratic Republic of the"
Bemba,bem,"Congo, The Democratic Republic of the"
Bembe,bmb,"Congo, The Democratic Republic of the"
Bendi,bct,"Congo, The Democratic Republic of the"
Bhele,bhy,"Congo, The Democratic Republic of the"
Bila,bip,"Congo, The Democratic Republic of the"
Bindji,bpj,"Congo, The Democratic Republic of the"
Bira,brf,"Congo, The Democratic Republic of the"
Boguru,bqu,"Congo, The Democratic Republic of the"
Boko,bkp,"Congo, The Democratic Republic of the"
Bolia,bli,"Congo, The Democratic Republic of the"
Boloki,bkt,"Congo, The Democratic Republic of the"
Bolondo,bzm,"Congo, The Democratic Republic of the"
Boma,boh,"Congo, The Democratic Republic of the"
Bomboli,bml,"Congo, The Democratic Republic of the"
Bomboma,bws,"Congo, The Democratic Republic of the"
Bozaba,bzo,"Congo, The Democratic Republic of the"
Budja,bja,"Congo, The Democratic Republic of the"
Budu,buu,"Congo, The Democratic Republic of the"
Buraka,bkg,"Congo, The Democratic Republic of the"
Bushoong,buf,"Congo, The Democratic Republic of the"
Buyu,byi,"Congo, The Democratic Republic of the"
Bwa,bww,"Congo, The Democratic Republic of the"
Bwela,bwl,"Congo, The Democratic Republic of the"
Bwile,bwc,"Congo, The Democratic Republic of the"
Chokwe,cjk,"Congo, The Democratic Republic of the"
Congo Swahili,swc,"Congo, The Democratic Republic of the"
Dengese,dez,"Congo, The Democratic Republic of the"
Ding,diz,"Congo, The Democratic Republic of the"
Dongo,doo,"Congo, The Democratic Republic of the"
Dzando,dzn,"Congo, The Democratic Republic of the"
Eboo Teke,ebo,"Congo, The Democratic Republic of the"
Efe,efe,"Congo, The Democratic Republic of the"
Enya,gey,"Congo, The Democratic Republic of the"
Foma,fom,"Congo, The Democratic Republic of the"
Fuliiru,flr,"Congo, The Democratic Republic of the"
Fulu,fuu,"Congo, The Democratic Republic of the"
Gbanziri,gbg,"Congo, The Democratic Republic of the"
Gilima,gix,"Congo, The Democratic Republic of the"
Gobu,gox,"Congo, The Democratic Republic of the"
Hamba,hba,"Congo, The Democratic Republic of the"
Havu,hav,"Congo, The Democratic Republic of the"
Hema,nix,"Congo, The Democratic Republic of the"
Hemba,hem,"Congo, The Democratic Republic of the"
Holoholo,hoo,"Congo, The Democratic Republic of the"
Holu,hol,"Congo, The Democratic Republic of the"
Hunde,hke,"Congo, The Democratic Republic of the"
Hungana,hum,"Congo, The Democratic Republic of the"
Ibali Teke,tek,"Congo, The Democratic Republic of the"
Iyansi,yns,"Congo, The Democratic Republic of the"
Kabwari,kcw,"Congo, The Democratic Republic of the"
Kaiku,kkq,"Congo, The Democratic Republic of the"
Kakwa,keo,"Congo, The Democratic Republic of the"
Kaliko,kbo,"Congo, The Democratic Republic of the"
Kango,kty,"Congo, The Democratic Republic of the"
Kango,kzy,"Congo, The Democratic Republic of the"
Kanu,khx,"Congo, The Democratic Republic of the"
Kanyok,kny,"Congo, The Democratic Republic of the"
Kaonde,kqn,"Congo, The Democratic Republic of the"
Kari,kbj,"Congo, The Democratic Republic of the"
Kela,kel,"Congo, The Democratic Republic of the"
Kele,khy,"Congo, The Democratic Republic of the"
Kete,kcv,"Congo, The Democratic Republic of the"
Kinyarwanda,kin,"Congo, The Democratic Republic of the"
Kituba,ktu,"Congo, The Democratic Republic of the"
Kiviila,job,"Congo, The Democratic Republic of the"
Kiyombe,yom,"Congo, The Democratic Republic of the"
Kobo,okc,"Congo, The Democratic Republic of the"
Komo,kmw,"Congo, The Democratic Republic of the"
Konzo,koo,"Congo, The Democratic Republic of the"
Koongo,kng,"Congo, The Democratic Republic of the"
Kpala,kpl,"Congo, The Democratic Republic of the"
Kusu,ksv,"Congo, The Democratic Republic of the"
Kwami,ktf,"Congo, The Democratic Republic of the"
Kwese,kws,"Congo, The Democratic Republic of the"
Lala-Bisa,leb,"Congo, The Democratic Republic of the"
Lalia,lal,"Congo, The Democratic Republic of the"
Lamba,lam,"Congo, The Democratic Republic of the"
Langbashe,lna,"Congo, The Democratic Republic of the"
Lega-Mwenga,lgm,"Congo, The Democratic Republic of the"
Lega-Shabunda,lea,"Congo, The Democratic Republic of the"
Lele,lel,"Congo, The Democratic Republic of the"
Lendu,led,"Congo, The Democratic Republic of the"
Lengola,lej,"Congo, The Democratic Republic of the"
Lese,les,"Congo, The Democratic Republic of the"
Libinza,liz,"Congo, The Democratic Republic of the"
Ligenza,lgz,"Congo, The Democratic Republic of the"
Lika,lik,"Congo, The Democratic Republic of the"
Likila,lie,"Congo, The Democratic Republic of the"
Lingala,lin,"Congo, The Democratic Republic of the"
Lobala,loq,"Congo, The Democratic Republic of the"
Logo,log,"Congo, The Democratic Republic of the"
Lombi,lmi,"Congo, The Democratic Republic of the"
Lombo,loo,"Congo, The Democratic Republic of the"
Lonzo,lnz,"Congo, The Democratic Republic of the"
Luba-Kasai,lua,"Congo, The Democratic Republic of the"
Luba-Katanga,lub,"Congo, The Democratic Republic of the"
Lugbara,lgg,"Congo, The Democratic Republic of the"
Luna,luj,"Congo, The Democratic Republic of the"
Lunda,lun,"Congo, The Democratic Republic of the"
Lusengo,lse,"Congo, The Democratic Republic of the"
Lwalu,lwa,"Congo, The Democratic Republic of the"
Lwel,lvl,"Congo, The Democratic Republic of the"
Mabaale,mmz,"Congo, The Democratic Republic of the"
Madi,msj,"Congo, The Democratic Republic of the"
Mamvu,mdi,"Congo, The Democratic Republic of the"
Mangbetu,mdj,"Congo, The Democratic Republic of the"
Mangbutu,mdk,"Congo, The Democratic Republic of the"
Mayeka,myc,"Congo, The Democratic Republic of the"
Mayogo,mdm,"Congo, The Democratic Republic of the"
Mba,mfc,"Congo, The Democratic Republic of the"
Mbala,mdp,"Congo, The Democratic Republic of the"
Mbandja,zmz,"Congo, The Democratic Republic of the"
Mbesa,zms,"Congo, The Democratic Republic of the"
Mbo,zmw,"Congo, The Democratic Republic of the"
Mbole,mdq,"Congo, The Democratic Republic of the"
Mbuun,zmp,"Congo, The Democratic Republic of the"
Mfinu,zmf,"Congo, The Democratic Republic of the"
Mid-Southern Banda,bjo,"Congo, The Democratic Republic of the"
Mituku,zmq,"Congo, The Democratic Republic of the"
Moingi,mwz,"Congo, The Democratic Republic of the"
Mongo-Nkundu,lol,"Congo, The Democratic Republic of the"
Mono,mnh,"Congo, The Democratic Republic of the"
Monzombo,moj,"Congo, The Democratic Republic of the"
Mvuba,mxh,"Congo, The Democratic Republic of the"
Mündü,muh,"Congo, The Democratic Republic of the"
M’we,bmg,"Congo, The Democratic Republic of the"
Nande,nnb,"Congo, The Democratic Republic of the"
Ndaka,ndk,"Congo, The Democratic Republic of the"
Ndo,ndp,"Congo, The Democratic Republic of the"
Ndobo,ndw,"Congo, The Democratic Republic of the"
Ndolo,ndl,"Congo, The Democratic Republic of the"
Ndrulo,dno,"Congo, The Democratic Republic of the"
Ndunga,ndt,"Congo, The Democratic Republic of the"
Ngando,nxd,"Congo, The Democratic Republic of the"
Ngbaka,nga,"Congo, The Democratic Republic of the"
Ngbaka Ma’bo,nbm,"Congo, The Democratic Republic of the"
Ngbee,jgb,"Congo, The Democratic Republic of the"
Ngbinda,nbd,"Congo, The Democratic Republic of the"
Ngbundu,nuu,"Congo, The Democratic Republic of the"
Ngelima,agh,"Congo, The Democratic Republic of the"
Ngiti,niy,"Congo, The Democratic Republic of the"
Ngombe,ngc,"Congo, The Democratic Republic of the"
Ngongo,noq,"Congo, The Democratic Republic of the"
Ngwii,nlo,"Congo, The Democratic Republic of the"
Nkutu,nkw,"Congo, The Democratic Republic of the"
Northern Ngbandi,ngb,"Congo, The Democratic Republic of the"
Ntomba,nto,"Congo, The Democratic Republic of the"
Nyali,nlj,"Congo, The Democratic Republic of the"
Nyanga,nyj,"Congo, The Democratic Republic of the"
Nyanga-li,nyc,"Congo, The Democratic Republic of the"
Nyindu,nyg,"Congo, The Democratic Republic of the"
Nzadi,nzd,"Congo, The Democratic Republic of the"
Nzakara,nzk,"Congo, The Democratic Republic of the"
Ohendo,soe,"Congo, The Democratic Republic of the"
Ombo,oml,"Congo, The Democratic Republic of the"
Omi,omi,"Congo, The Democratic Republic of the"
Pagibete,pae,"Congo, The Democratic Republic of the"
Pambia,pmb,"Congo, The Democratic Republic of the"
Pelende,ppp,"Congo, The Democratic Republic of the"
Phende,pem,"Congo, The Democratic Republic of the"
Poke,pof,"Congo, The Democratic Republic of the"
Ruund,rnd,"Congo, The Democratic Republic of the"
Sakata,skt,"Congo, The Democratic Republic of the"
Salampasu,slx,"Congo, The Democratic Republic of the"
Samba,smx,"Congo, The Democratic Republic of the"
Sanga,sng,"Congo, The Democratic Republic of the"
Seba,kdg,"Congo, The Democratic Republic of the"
Sengele,szg,"Congo, The Democratic Republic of the"
Sere,swf,"Congo, The Democratic Republic of the"
Shi,shr,"Congo, The Democratic Republic of the"
So,soc,"Congo, The Democratic Republic of the"
Sonde,shc,"Congo, The Democratic Republic of the"
Songe,sop,"Congo, The Democratic Republic of the"
Songo,soo,"Congo, The Democratic Republic of the"
Songoora,sod,"Congo, The Democratic Republic of the"
Southern Ngbandi,nbw,"Congo, The Democratic Republic of the"
Suku,sub,"Congo, The Democratic Republic of the"
Taabwa,tap,"Congo, The Democratic Republic of the"
Tagbu,tbm,"Congo, The Democratic Republic of the"
Talinga-Bwisi,tlj,"Congo, The Democratic Republic of the"
Tembo,tbt,"Congo, The Democratic Republic of the"
Tembo,tmv,"Congo, The Democratic Republic of the"
Tetela,tll,"Congo, The Democratic Republic of the"
Tiene,tii,"Congo, The Democratic Republic of the"
Togbo-Vara Banda,tor,"Congo, The Democratic Republic of the"
Vanuma,vau,"Congo, The Democratic Republic of the"
Wongo,won,"Congo, The Democratic Republic of the"
Yaka,yaf,"Congo, The Democratic Republic of the"
Yamongeri,ymg,"Congo, The Democratic Republic of the"
Yango,yng,"Congo, The Democratic Republic of the"
Zande,zne,"Congo, The Democratic Republic of the"
Zimba,zmb,"Congo, The Democratic Republic of the"
Zula,zla,"Congo, The Democratic Republic of the"
,,"Congo, The Democratic Republic of the"
Afar,aar,Djibouti
Somali,som,Djibouti
Bedawiyet,bej,Egypt
Coptic,cop,Egypt
Eastern Egyptian Bedawi Arabic,avl,Egypt
Egyptian Arabic,arz,Egypt
Egyptian Sign Language,esl,Egypt
Mattokki,xnz,Egypt
Sa’idi Arabic,aec,Egypt
Siwi,siz,Egypt
Western Egyptian Bedawi Arabic,ayl,Egypt
Bapuku,bnm,Equatorial Guinea
Benga,bng,Equatorial Guinea
Bube,bvb,Equatorial Guinea
Equatorial Guinean Pidgin,fpe,Equatorial Guinea
Fa d’Ambu,fab,Equatorial Guinea
Fang,fan,Equatorial Guinea
Gyele,gyi,Equatorial Guinea
Iyasa,yko,Equatorial Guinea
Kombe,nui,Equatorial Guinea
Kwasio,nmg,Equatorial Guinea
Molengue,bxc,Equatorial Guinea
Seki,syi,Equatorial Guinea
Afar,aar,Eritrea
Bedawiyet,bej,Eritrea
Bilen,byn,Eritrea
Dahalik,dlk,Eritrea
Geez,gez,Eritrea
Kunama,kun,Eritrea
Nara,nrb,Eritrea
Saho,ssy,Eritrea
Tigrigna,tir,Eritrea
Tigré,tig,Eritrea
Swati,ssw,Eswatini
Aari,aiw,Ethiopia
Afar,aar,Ethiopia
Alaba-K’abeena,alw,Ethiopia
Ale,gwd,Ethiopia
Amharic,amh,Ethiopia
Anfillo,myo,Ethiopia
Anuak,anu,Ethiopia
Arbore,arv,Ethiopia
Argobba,agj,Ethiopia
Awngi,awn,Ethiopia
Baiso,bsw,Ethiopia
Basketo,bst,Ethiopia
Bench,bcq,Ethiopia
Berta,wti,Ethiopia
Borana-Arsi-Guji Oromo,gax,Ethiopia
Borna,bwo,Ethiopia
Burji,bji,Ethiopia
Daasanach,dsh,Ethiopia
Daatsʼíin,dtn,Ethiopia
Dawro,dwr,Ethiopia
Dime,dim,Ethiopia
Dirasha,gdl,Ethiopia
Dizin,mdx,Ethiopia
Dorze,doz,Ethiopia
Eastern Oromo,hae,Ethiopia
Ethiopian Sign Language,eth,Ethiopia
Gafat,gft,Ethiopia
Gamo,gmv,Ethiopia
Gayil,gyl,Ethiopia
Gedeo,drs,Ethiopia
Geez,gez,Ethiopia
Girirra,gii,Ethiopia
Gofa,gof,Ethiopia
Gumuz,guk,Ethiopia
Gwama,kmq,Ethiopia
Hadiyya,hdy,Ethiopia
Hamer-Banne,amf,Ethiopia
Harari,har,Ethiopia
Hozo,hoz,Ethiopia
Inor,ior,Ethiopia
Kachama-Ganjule,kcx,Ethiopia
Kacipo-Bale Suri,koe,Ethiopia
Kafa,kbr,Ethiopia
Kambaata,ktb,Ethiopia
Karo,kxh,Ethiopia
Kistane,gru,Ethiopia
Komo,xom,Ethiopia
Konso,kxc,Ethiopia
Koorete,kqy,Ethiopia
Kwegu,xwg,Ethiopia
Libido,liq,Ethiopia
Majang,mpe,Ethiopia
Male,mdy,Ethiopia
Mawes Aasse,myf,Ethiopia
Melo,mfx,Ethiopia
Mesmes,mys,Ethiopia
Mesqan,mvz,Ethiopia
Me’en,mym,Ethiopia
Mositacha,dox,Ethiopia
Mursi,muz,Ethiopia
Nayi,noz,Ethiopia
Nuer,nus,Ethiopia
Nyangatom,nnj,Ethiopia
Ongota,bxe,Ethiopia
Opo,lgn,Ethiopia
Oyda,oyd,Ethiopia
Qimant,ahg,Ethiopia
Rer Bare,rer,Ethiopia
Saho,ssy,Ethiopia
Sebat Bet Gurage,sgw,Ethiopia
Seze,sze,Ethiopia
Shabo,sbf,Ethiopia
Shekkacho,moy,Ethiopia
Sheko,she,Ethiopia
Sidaama,sid,Ethiopia
Silt’e,stv,Ethiopia
Somali,som,Ethiopia
Tigrigna,tir,Ethiopia
Tirmaga-Chai Suri,suq,Ethiopia
Tsaara,cra,Ethiopia
Tsamai,tsb,Ethiopia
West Central Oromo,gaz,Ethiopia
Weyto,woy,Ethiopia
Wolane,wle,Ethiopia
Wolaytta,wal,Ethiopia
Xamtanga,xan,Ethiopia
Yemsa,jnj,Ethiopia
Zay,zwa,Ethiopia
Zayse,zay,Ethiopia
Baka,bkc,Gabon
Barama,bbg,Gabon
Bekwel,bkw,Gabon
Benga,bng,Gabon
Bubi,buw,Gabon
Bwisi,bwz,Gabon
Duma,dma,Gabon
Eviya,gev,Gabon
Fang,fan,Gabon
Kande,kbs,Gabon
Kaningi,kzo,Gabon
Kota,koq,Gabon
Kélé,keb,Gabon
Lumbu,lup,Gabon
Mahongwe,mhb,Gabon
Mbangwe,zmn,Gabon
Mbere,mdt,Gabon
Myene,mye,Gabon
Ndambomo,nxo,Gabon
Ndasa,nda,Gabon
Ndumu,nmd,Gabon
Ngom,nra,Gabon
Njebi,nzb,Gabon
Pinji,pic,Gabon
Punu,puu,Gabon
Sake,sak,Gabon
Samay,syx,Gabon
Sangu,snq,Gabon
Seki,syi,Gabon
Sighu,sxe,Gabon
Simba,sbw,Gabon
Sira,swj,Gabon
Tchitchege,tck,Gabon
Teke-Tege,teg,Gabon
Tsaangi,tsa,Gabon
Tsogo,tsv,Gabon
Vili,vif,Gabon
Vumbu,vum,Gabon
Wandji,wdd,Gabon
Wumbvu,wum,Gabon
Gambian Wolof,wof,Gambia
Jola-Fonyi,dyo,Gambia
Mandinka,mnk,Gambia
Mandjak,mfv,Gambia
Pulaar,fuc,Gambia
Serer-Sine,srr,Gambia
Western Maninkakan,mlq,Gambia
Abron,abr,Ghana
Adamorobe Sign Language,ads,Ghana
Adangbe,adq,Ghana
Adele,ade,Ghana
Ahanta,aha,Ghana
Akan,aka,Ghana
Akposo,kpo,Ghana
Animere,anf,Ghana
Anufo,cko,Ghana
Anyin,any,Ghana
Avatime,avn,Ghana
Awutu,afu,Ghana
Bimoba,bim,Ghana
Bisa,bib,Ghana
Bondoukou Kulango,kzc,Ghana
Boro,xxb,Ghana
Buli,bwu,Ghana
Chakali,cli,Ghana
Chala,cll,Ghana
Cherepon,cpn,Ghana
Chumburung,ncu,Ghana
Dagbani,dag,Ghana
Dangme,ada,Ghana
Deg,mzw,Ghana
Delo,ntr,Ghana
Dompo,doy,Ghana
Dwang,nnu,Ghana
Esahie,sfw,Ghana
Farefare,gur,Ghana
Ga,gaa,Ghana
Ghanaian Pidgin English,gpe,Ghana
Ghanaian Sign Language,gse,Ghana
Gikyode,acd,Ghana
Gonja,gjn,Ghana
Gua,gwx,Ghana
Hanga,hag,Ghana
Jwira-Pepesa,jwi,Ghana
Kamara,jmr,Ghana
Kantosi,xkt,Ghana
Kasem,xsm,Ghana
Konkomba,xon,Ghana
Konni,kma,Ghana
Kplang,kph,Ghana
Krache,kye,Ghana
Kusaal,kus,Ghana
Larteh,lar,Ghana
Lelemi,lef,Ghana
Ligbi,lig,Ghana
Logba,lgq,Ghana
Mampruli,maw,Ghana
Nafaanra,nfr,Ghana
Nawuri,naw,Ghana
Nchumbulu,nlu,Ghana
Nkami,nkq,Ghana
Nkonya,nko,Ghana
Ntcham,bud,Ghana
Nyagbo,nyb,Ghana
Nzema,nzi,Ghana
Paasaal,sig,Ghana
Safaliba,saf,Ghana
Sekpele,lip,Ghana
Selee,snw,Ghana
Siwu,akp,Ghana
Southern Birifor,biv,Ghana
Southern Dagaare,dga,Ghana
Tafi,tcd,Ghana
Tampulma,tpm,Ghana
Tumulung Sisaala,sil,Ghana
Tuwuli,bov,Ghana
Vagla,vag,Ghana
Wali,wlx,Ghana
Wasa,wss,Ghana
Western Sisaala,ssl,Ghana
Éwé,ewe,Ghana
Badyara,pbp,Guinea
Baga Kaloum,bqf,Guinea
Baga Koga,bgo,Guinea
Baga Manduri,bmd,Guinea
Baga Pokur,bcg,Guinea
Baga Sitemu,bsp,Guinea
Baga Sobané,bsv,Guinea
Bassari,bsc,Guinea
Dan,dnj,Guinea
East Limba,lma,Guinea
Eastern Maninkakan,emk,Guinea
Guinea Kpelle,gkp,Guinea
Guinean Sign Language,gus,Guinea
Jahanka,jad,Guinea
Kakabe,kke,Guinea
Kla-Dan,lda,Guinea
Kono,knu,Guinea
Konyanka,mku,Guinea
Kuranko,knk,Guinea
Landoma,ldm,Guinea
Lele,llc,Guinea
Mano,mev,Guinea
Manya,mzj,Guinea
Mbulungish,mbv,Guinea
Mogofin,mfg,Guinea
Nalu,naj,Guinea
Northern Kissi,kqs,Guinea
N’Ko,nqo,Guinea
Pulaar,fuc,Guinea
Pular,fuf,Guinea
Sankaran Maninka,msc,Guinea
Sarakolé,snk,Guinea
Susu,sus,Guinea
Toma,tod,Guinea
Wamey,cou,Guinea
Yalunka,yal,Guinea
Zialo,zil,Guinea
Bainouk-Gunyuño,bab,Guinea-Bissau
Balanta,ble,Guinea-Bissau
Biafada,bif,Guinea-Bissau
Bijagó,bjg,Guinea-Bissau
Fula,fuc,Guinea-Bissau
Futa Fula,fuf,Guinea-Bissau
Guinea-Bissau Creole,pov,Guinea-Bissau
Guinea-Bissau Sign Language,lgs,Guinea-Bissau
Jola Bayote,bda,Guinea-Bissau
Jola-Felupe,eja,Guinea-Bissau
Kanjad,pbp,Guinea-Bissau
Kasanga,ccj,Guinea-Bissau
Kobiana,kcj,Guinea-Bissau
Mandinka,mnk,Guinea-Bissau
Mandjak,mfv,Guinea-Bissau
Mankanya,knf,Guinea-Bissau
Mansoanka,msw,Guinea-Bissau
Nalu,naj,Guinea-Bissau
Papel,pbo,Guinea-Bissau
Ateso,teo,Kenya
Aweer,bob,Kenya
Borana,gax,Kenya
Bukusu,bxk,Kenya
Chichonyi-Chidzihana-Chikauma,coh,Kenya
Chidigo,dig,Kenya
Chiduruma,dug,Kenya
Daasanach,dsh,Kenya
Dahalo,dal,Kenya
Dawida,dav,Kenya
Dholuo,luo,Kenya
Ekegusii,guz,Kenya
El Molo,elo,Kenya
Garre,gex,Kenya
Gichuka,cuh,Kenya
Gikuyu,kik,Kenya
Kamba,kam,Kenya
Keiyo,eyo,Kenya
Kenyan Sign Language,xki,Kenya
Kiembu,ebu,Kenya
Kigiryama,nyf,Kenya
Kimîîru,mer,Kenya
Kipfokomu,pkb,Kenya
Kipsigis,sgc,Kenya
Kitharaka,thk,Kenya
Kiwilwana,mlk,Kenya
Kuria,kuj,Kenya
Luidakho-Luisukha-Lutirichi,ida,Kenya
Lukabaras,lkb,Kenya
Lulogooli,rag,Kenya
Lutachoni,lts,Kenya
Maasai,mas,Kenya
Markweeta,enb,Kenya
Mwimbi-Muthambi,mws,Kenya
Nandi,niq,Kenya
Nyala,nle,Kenya
Okiek,oki,Kenya
Olukhayo,lko,Kenya
Olumarachi,lri,Kenya
Olumarama,lrm,Kenya
Olunyole,nyd,Kenya
Olusamia,lsm,Kenya
Olushisa,lks,Kenya
Olutsotso,lto,Kenya
Oluwanga,lwg,Kenya
Omotik,omt,Kenya
Orma,orc,Kenya
Pökoot,pko,Kenya
Rendille,rel,Kenya
Sabaot,spy,Kenya
Sagalla,tga,Kenya
Samburu,saq,Kenya
Singa,sgm,Kenya
Somali,som,Kenya
Suba,sxb,Kenya
Swahili,swh,Kenya
Taveta,tvs,Kenya
Terik,tec,Kenya
Tugen,tuy,Kenya
Turkana,tuv,Kenya
Waata,ssn,Kenya
Yaaku,muu,Kenya
Southern Sotho,sot,Lesotho
Xhosa,xho,Lesotho
Zulu,zul,Lesotho
Bandi,bza,Liberia
Barclayville Grebo,gry,Liberia
Bassa,bsq,Liberia
Central Grebo,grv,Liberia
Dan,dnj,Liberia
Dewoin,dee,Liberia
Eastern Krahn,kqo,Liberia
Gbii,ggb,Liberia
Gboloo Grebo,gec,Liberia
Glaro-Twabo,glr,Liberia
Glio-Oubi,oub,Liberia
Gola,gol,Liberia
Klao,klu,Liberia
Kuwaa,blh,Liberia
Liberia Kpelle,xpe,Liberia
Liberian English,lir,Liberia
Loma,lom,Liberia
Maan,mev,Liberia
Manya,mzj,Liberia
Mende,men,Liberia
Northern Grebo,gbo,Liberia
Sapo,krn,Liberia
Southern Grebo,grj,Liberia
Southern Kisi,kss,Liberia
Tajuasohn,tja,Liberia
Vai,vai,Liberia
Western Krahn,krw,Liberia
Awjilah,auj,Libya
Ghadamès,gha,Libya
Judeo-Tripolitanian Arabic,yud,Libya
Libyan Arabic,ayl,Libya
Libyan Sign Language,lbs,Libya
Nafusi,jbn,Libya
Sawknah,swn,Libya
Siwi,siz,Libya
Tahaggart Tamahaq,thv,Libya
Tedaga,tuq,Libya
,,Libya
Antankarana Malagasy,xmv,Madagascar
Bara Malagasy,bhr,Madagascar
Malagasy Sign Language,mzc,Madagascar
Masikoro Malagasy,msh,Madagascar
Merina Malagasy,plt,Madagascar
Northern Betsimisaraka Malagasy,bmm,Madagascar
Sakalava Malagasy,skg,Madagascar
Southern Betsimisaraka Malagasy,bzc,Madagascar
Tandroy-Mahafaly Malagasy,tdx,Madagascar
Tanosy Malagasy,txy,Madagascar
Tesaka Malagasy,tkg,Madagascar
Tsimihety Malagasy,xmw,Madagascar
Chichewa,nya,Malawi
Kokola,kzn,Malawi
Lambya,lai,Malawi
Malawi Lomwe,lon,Malawi
Malawi Nyiha,nyr,Malawi
Malawi Sena,swk,Malawi
Malawian Sign Language,lws,Malawi
Ndali,ndh,Malawi
Nyakyusa-Ngonde,nyy,Malawi
Nyika,nkv,Malawi
Tonga,tog,Malawi
Tumbuka,tum,Malawi
Yao,yao,Malawi
Ampari Dogon,aqd,Mali
Ana Tinga Dogon,dti,Mali
Bamanankan,bam,Mali
Bangime,dba,Mali
Bankagooma,bxw,Mali
Bankan Tey Dogon,dbw,Mali
Ben Tey Dogon,dbt,Mali
Bolon,bof,Mali
Bomu,bmq,Mali
Bondum Dom Dogon,dbu,Mali
Bunoge Dogon,dgb,Mali
Dogul Dom Dogon,dbg,Mali
Donno So Dogon,dds,Mali
Duungooma,dux,Mali
Eastern Maninkakan,emk,Mali
Hasanya Arabic,mey,Mali
Humburi Senni Songhay,hmb,Mali
Jalunga,yal,Mali
Jamsay Dogon,djm,Mali
Jenaama Bozo,bze,Mali
Jowulu,jow,Mali
Kagoro,xkg,Mali
Kelengaxo Bozo,bzx,Mali
Kita Maninkakan,mwk,Mali
Konabéré,bbo,Mali
Koromfé,kfz,Mali
Koyra Chiini Songhay,khq,Mali
Koyraboro Senni Songhay,ses,Mali
Maasina Fulfulde,ffm,Mali
Malian Sign Language,bog,Mali
Mamara Sénoufo,myk,Mali
Marka,rkm,Mali
Matya Samo,stj,Mali
Mombo Dogon,dmb,Mali
Moore,mos,Mali
Nanga Dama Dogon,nzz,Mali
Pana,pnq,Mali
Pulaar,fuc,Mali
Pular,fuf,Mali
Shempire Sénoufo,seb,Mali
Soninke,snk,Mali
Supyire Sénoufo,spp,Mali
Syenara Sénoufo,shz,Mali
Sàmòmá,knz,Mali
Sìcìté Sénoufo,sep,Mali
Tadaksahak,dsq,Mali
Tamajaq,ttq,Mali
Tamasheq,taq,Mali
Tebul Sign Language,tsy,Mali
Tebul Ure Dogon,dtu,Mali
Tene Kan Dogon,dtk,Mali
Tiemacèwè Bozo,boo,Mali
Tieyaxo Bozo,boz,Mali
Tiranige Diga Dogon,tde,Mali
Tommo So Dogon,dto,Mali
Tomo Kan Dogon,dtm,Mali
Tondi Songway Kiini,tst,Mali
Toro So Dogon,dts,Mali
Toro Tegu Dogon,dtt,Mali
Western Maninkakan,mlq,Mali
Xaasongaxango,kao,Mali
Yanda Dom Dogon,dym,Mali
Zarmaci,dje,Mali
Hassaniyya,mey,Mauritania
Pulaar,fuc,Mauritania
Soninke,snk,Mauritania
Wolof,wol,Mauritania
Zenaga,zen,Mauritania
Mauritian Sign Language,lsy,Mauritius
Morisyen,mfe,Mauritius
Bushi,buc,Mayotte
Maore Comorian,swb,Mayotte
Central Atlas Tamazight,tzm,Morocco
Ghomara,gho,Morocco
Judeo-Berber,jbe,Morocco
Judeo-Moroccan Arabic,aju,Morocco
Moroccan Arabic,ary,Morocco
Moroccan Sign Language,xms,Morocco
Senhaja Berber,sjs,Morocco
Standard Moroccan Tamazight,zgh,Morocco
Tachelhit,shi,Morocco
Tarifit,rif,Morocco
Taznatit,grr,Morocco
Barwe,bwg,Mozambique
Chopi,cce,Mozambique
Chuwabu,chw,Mozambique
Dema,dmx,Mozambique
Kokola,kzn,Mozambique
Koti,eko,Mozambique
Kunda,kdn,Mozambique
Lolo,llb,Mozambique
Lomwe,ngl,Mozambique
Maindo,cwb,Mozambique
Makhuwa,vmw,Mozambique
Makhuwa-Marrevone,xmc,Mozambique
Makhuwa-Meetto,mgh,Mozambique
Makhuwa-Moniga,mhm,Mozambique
Makhuwa-Saka,xsq,Mozambique
Makhuwa-Shirima,vmk,Mozambique
Makonde,kde,Mozambique
Makwe,ymk,Mozambique
Manyawa,mny,Mozambique
Manyika,mxc,Mozambique
Marenje,vmr,Mozambique
Mozambican Sign Language,mzy,Mozambique
Mwani,wmw,Mozambique
Ndau,ndc,Mozambique
Nsenga,nse,Mozambique
Nyanja,nya,Mozambique
Nyungwe,nyu,Mozambique
Phimbi,phm,Mozambique
Ronga,rng,Mozambique
Sena,seh,Mozambique
Swahili,swh,Mozambique
Swati,ssw,Mozambique
Takwane,tke,Mozambique
Tawara,twl,Mozambique
Tewe,twx,Mozambique
Tonga,toh,Mozambique
Tsonga,tso,Mozambique
Tswa,tsc,Mozambique
Xingoni,xnq,Mozambique
Yao,yao,Mozambique
Zulu,zul,Mozambique
Fwe,fwe,Namibia
Gciriku,diu,Namibia
Hai|ǁom,hgm,Namibia
Herero,her,Namibia
Juǀ’hoansi,ktz,Namibia
Khoekhoe,naq,Namibia
Khwedam,xuu,Namibia
Kuhane,sbs,Namibia
Kung-Ekoka,knw,Namibia
Kwambi,kwm,Namibia
Kwangali,kwn,Namibia
Kwanyama,kua,Namibia
Mbalanhu,lnb,Namibia
Mbukushu,mhw,Namibia
Namibian Sign Language,nbs,Namibia
Naro,nhr,Namibia
Ndonga,ndo,Namibia
Ngandjera,nne,Namibia
Northwestern !Kung,vaj,Namibia
Setswana,tsn,Namibia
Taa,nmn,Namibia
Yeyi,yey,Namibia
Zemba,dhm,Namibia
Bilma Kanuri,bms,Niger
Central-Eastern Niger Fulfulde,fuq,Niger
Dazaga,dzg,Niger
Dendi,ddn,Niger
Gourmanchéma,gux,Niger
Hausa,hau,Niger
Libyan Arabic,ayl,Niger
Manga Kanuri,kby,Niger
Shuwa Arabic,shu,Niger
Tagdal,tda,Niger
Tahaggart Tamahaq,thv,Niger
Tasawaq,twq,Niger
Tawallammat Tamajaq,ttq,Niger
Tayart Tamajeq,thz,Niger
Tedaga,tuq,Niger
Tetserret,tez,Niger
Tumari Kanuri,krt,Niger
Western Niger Fulfulde,fuh,Niger
Yerwa Kanuri,knc,Niger
Zarma,dje,Niger
Abanglekuo,bzy,Nigeria
Abanyom,abm,Nigeria
Abishi,pcn,Nigeria
Abon,abo,Nigeria
Abua,abn,Nigeria
Abureni,mgj,Nigeria
Adamawa Fulfulde,fub,Nigeria
Adara,kad,Nigeria
Aduge,adu,Nigeria
Afade,aal,Nigeria
Agatu,agc,Nigeria
Agwagwune,yay,Nigeria
Ahan,ahn,Nigeria
Ahwai,nfd,Nigeria
Ajawa,ajw,Nigeria
Ajiri,afo,Nigeria
Ajiya,idc,Nigeria
Akpes,ibe,Nigeria
Akuku,ayk,Nigeria
Akum,aku,Nigeria
Akweya,akf,Nigeria
Akye,aik,Nigeria
Alago,ala,Nigeria
Amalah,ruy,Nigeria
Ambo,amb,Nigeria
Amo,amo,Nigeria
Amon,umm,Nigeria
Anaang,anw,Nigeria
Aninka,aqk,Nigeria
Arigidi,aqg,Nigeria
Arum,aab,Nigeria
Ashe,ahs,Nigeria
Asu,aum,Nigeria
Atoro,tdv,Nigeria
Atsam,cch,Nigeria
Auyokawa,auo,Nigeria
Avonnoh,kch,Nigeria
Awak,awo,Nigeria
Ayu,ayu,Nigeria
Baan,bvj,Nigeria
Baangi,bqx,Nigeria
Baatonum,bba,Nigeria
Bacama,bcy,Nigeria
Bade,bde,Nigeria
Bali,bcn,Nigeria
Bangwinji,bsj,Nigeria
Bankal,jjr,Nigeria
Barikanchi,bxo,Nigeria
Basa,bzw,Nigeria
Basa-Gumna,bsl,Nigeria
Basa-Gurmana,buj,Nigeria
Bassa-Kontagora,bsr,Nigeria
Bata,bta,Nigeria
Batu,btu,Nigeria
Bauchi,bsf,Nigeria
Beele,bxq,Nigeria
Bekwarra,bkv,Nigeria
Belning,glb,Nigeria
Bena,yun,Nigeria
Berom,bom,Nigeria
Bete,byf,Nigeria
Bete-Bendi,btt,Nigeria
Bijim,jbm,Nigeria
Bille,bil,Nigeria
Bina,byj,Nigeria
Biseni,ije,Nigeria
Bisã,bqp,Nigeria
Bitare,brt,Nigeria
Bo-Rukul,mae,Nigeria
Boga,bvw,Nigeria
Boghom,bux,Nigeria
Boko,bqc,Nigeria
Bokobaru,bus,Nigeria
Bokyi,bky,Nigeria
Bole,bol,Nigeria
Bu,jid,Nigeria
Bu,zbu,Nigeria
Bukpe,ukp,Nigeria
Bukwen,buz,Nigeria
Buli,uly,Nigeria
Bumaji,byp,Nigeria
Bura-Pabir,bwr,Nigeria
Burak,bys,Nigeria
Bure,bvh,Nigeria
Burku,bbt,Nigeria
Buru,bqw,Nigeria
Cahungwarya,nat,Nigeria
Cakfem-Mushere,cky,Nigeria
Cara,cfd,Nigeria
Centúúm,cet,Nigeria
Cham,cfa,Nigeria
Cha’ari,cxh,Nigeria
Choogen,tgd,Nigeria
Cicipu,awc,Nigeria
Cineni,cie,Nigeria
Cishingini,asg,Nigeria
Cross River Mbembe,mfn,Nigeria
C’Lela,dri,Nigeria
Daba,dbq,Nigeria
Dadiya,dbd,Nigeria
Damakawa,dam,Nigeria
Dass,dot,Nigeria
Daza,dzd,Nigeria
Defaka,afn,Nigeria
Degema,deg,Nigeria
Deko-Dusanga,uya,Nigeria
Dendi,ddn,Nigeria
Deno,dbb,Nigeria
Dera,kna,Nigeria
Dghwede,dgh,Nigeria
Dibo,dio,Nigeria
Dir-Nyamzak-Mbarimi,nzr,Nigeria
Dirim,dir,Nigeria
Dirya,dwa,Nigeria
Dokshi,dsk,Nigeria
Dong,doh,Nigeria
Duguri,dbm,Nigeria
Duhwa,kbz,Nigeria
Dulubu,dbo,Nigeria
Dungu,dbv,Nigeria
Durop,krp,Nigeria
Duwai,dbp,Nigeria
Duya,ldb,Nigeria
Dyarim,dyr,Nigeria
Dza,jen,Nigeria
Eastern Acipa,acp,Nigeria
Ebira,igb,Nigeria
Ebughu,ebg,Nigeria
Edo,bin,Nigeria
Efai,efa,Nigeria
Efik,efi,Nigeria
Efutop,ofu,Nigeria
Eggon,ego,Nigeria
Ehueun,ehu,Nigeria
Ejagham,etu,Nigeria
Ejuele,dbi,Nigeria
Ekajuk,eka,Nigeria
Eki,eki,Nigeria
Ekit,eke,Nigeria
Ekpeye,ekp,Nigeria
Elege,alf,Nigeria
Eleme,elm,Nigeria
Emai-Iuleha-Ora,ema,Nigeria
Engenni,enn,Nigeria
Enwan,env,Nigeria
Enwan,enw,Nigeria
Epie,epi,Nigeria
Eruwa,erh,Nigeria
Esan,ish,Nigeria
Etebi,etb,Nigeria
Etkywan,ich,Nigeria
Etsako,ets,Nigeria
Etulo,utr,Nigeria
Evant,bzz,Nigeria
Ezaa,eza,Nigeria
Fali Muchella,fli,Nigeria
Fali of Baissa,fah,Nigeria
Fam,fam,Nigeria
Firan,fir,Nigeria
Fum,fum,Nigeria
Fungwa,ula,Nigeria
Fyer,fie,Nigeria
Gaa,ttb,Nigeria
Gade,ged,Nigeria
Galambi,glo,Nigeria
Gamo-Ningi,bte,Nigeria
Ganang,gne,Nigeria
Ga’anda,gqa,Nigeria
Gbagyi,gbr,Nigeria
Gbari,gby,Nigeria
Gengle,geg,Nigeria
Gera,gew,Nigeria
Geruma,gea,Nigeria
Ghotuo,aaa,Nigeria
Gibanawa,gib,Nigeria
Giiwo,kks,Nigeria
Glavda,glw,Nigeria
Goemai,ank,Nigeria
Gokana,gkn,Nigeria
Gude,gde,Nigeria
Gudu,gdu,Nigeria
Guduf-Gava,gdf,Nigeria
Gun,guw,Nigeria
Gupa-Abawa,gpa,Nigeria
Gurmana,gvm,Nigeria
Guruntum-Mbaaru,grd,Nigeria
Gvoko,ngs,Nigeria
Gwa,gwb,Nigeria
Gwak,jgk,Nigeria
Gwamhi-Wuri,bga,Nigeria
Gwandara,gwn,Nigeria
Gyaazi,gyz,Nigeria
Gyem,gye,Nigeria
Gyong,kdm,Nigeria
Hasha,ybj,Nigeria
Hausa,hau,Nigeria
Hausa Sign Language,hsl,Nigeria
Hide,xed,Nigeria
Hohumono,bcs,Nigeria
Holma,hod,Nigeria
Horom,hoe,Nigeria
Hwana,hwo,Nigeria
Hya,hya,Nigeria
Hyam,jab,Nigeria
Hõne,juh,Nigeria
Ibaas,cen,Nigeria
Ibani,iby,Nigeria
Ibibio,ibb,Nigeria
Ibino,ibn,Nigeria
Ibuoro,ibr,Nigeria
Iceve-Maci,bec,Nigeria
Idere,ide,Nigeria
Idoma,idu,Nigeria
Igala,igl,Nigeria
Igbo,ibo,Nigeria
Igede,ige,Nigeria
Iguta,nar,Nigeria
Igwe,igw,Nigeria
Ihievbe,ihi,Nigeria
Ika,ikk,Nigeria
Ikhin-Aokho,ikh,Nigeria
Iko,iki,Nigeria
Ikpeshi,ikp,Nigeria
Iku-Gora-Ankwa,ikv,Nigeria
Ikulu,ikl,Nigeria
Ikwere,ikw,Nigeria
Ikwo,iqw,Nigeria
Ilue,ilv,Nigeria
Isekiri,its,Nigeria
Isoko,iso,Nigeria
Itang,uta,Nigeria
Iten,etx,Nigeria
Ito,itw,Nigeria
Itu Mbon Uzo,itm,Nigeria
Ivbie North-Okpela-Arhe,atg,Nigeria
Iyayu,iya,Nigeria
Iyive,uiv,Nigeria
Iyongiyong,bbs,Nigeria
Izere,izr,Nigeria
Izii,izz,Nigeria
Izon,ijc,Nigeria
Izora,cbo,Nigeria
Jakattoe,jrt,Nigeria
Janji,jni,Nigeria
Jara,jaf,Nigeria
Jere,jer,Nigeria
Jiba,juo,Nigeria
Jibu,jib,Nigeria
Jilbe,jie,Nigeria
Jimi,jmi,Nigeria
Jiru,jrr,Nigeria
Jju,kaj,Nigeria
Jukun Takum,jbu,Nigeria
Juu,juu,Nigeria
Kaan,ldl,Nigeria
Kadung,dkg,Nigeria
Kaivi,kce,Nigeria
Kakanda,kka,Nigeria
Kalabari,ijn,Nigeria
Kam,kdx,Nigeria
Kamantan,kci,Nigeria
Kami,kmi,Nigeria
Kamo,kcq,Nigeria
Kamuku,cdr,Nigeria
Kamwe,hig,Nigeria
Kanufi,kni,Nigeria
Kapya,klo,Nigeria
Karekare,kai,Nigeria
Karimjo,cfg,Nigeria
Kariya,kil,Nigeria
Khana,ogo,Nigeria
Kholok,ktc,Nigeria
Kibaku,ckl,Nigeria
Kinugu,kkd,Nigeria
Kiong,kkm,Nigeria
Kir-Balar,kkr,Nigeria
Kirike,okr,Nigeria
Kirya-Konzel,fkk,Nigeria
Kizamani,izm,Nigeria
Koenoem,kcs,Nigeria
Kofa,kso,Nigeria
Kofyar,kwl,Nigeria
Koma,kmy,Nigeria
Kono,klk,Nigeria
Koro Nulu,vkn,Nigeria
Koro Wachi,bqv,Nigeria
Koro Zuba,vkz,Nigeria
Kpan,kpk,Nigeria
Kpasham,pbn,Nigeria
Kpati,koc,Nigeria
Kubi,kof,Nigeria
Kuce,ruk,Nigeria
Kudu-Camo,kov,Nigeria
Kugama,kow,Nigeria
Kugbo,kes,Nigeria
Kukele,kez,Nigeria
Kulere,kul,Nigeria
Kulung,bbu,Nigeria
Kumba,ksm,Nigeria
Kupa,kug,Nigeria
Kurama,krh,Nigeria
Kushi,kuh,Nigeria
Kusur-Myet,tdl,Nigeria
Kutep,kub,Nigeria
Kutto,kpa,Nigeria
Kuturmi,khj,Nigeria
Kwa,kwb,Nigeria
Kwaami,ksq,Nigeria
Kyak,bka,Nigeria
Kyanga,tye,Nigeria
Kyoli,cry,Nigeria
Labur,jku,Nigeria
Laka,ksp,Nigeria
Lala-Roba,lla,Nigeria
Lamang,hia,Nigeria
Lame,bma,Nigeria
Lamja-Dengsa-Tola,ldh,Nigeria
Laru,lan,Nigeria
Leelau,ldk,Nigeria
Legbo,agb,Nigeria
Lemoro,ldj,Nigeria
Lenyima,ldg,Nigeria
Lere,gnh,Nigeria
Leyigha,ayi,Nigeria
Lidzonka,add,Nigeria
Lokaa,yaz,Nigeria
Loo,ldo,Nigeria
Lopa,lop,Nigeria
Lubila,kcc,Nigeria
Lufu,ldq,Nigeria
Luri,ldd,Nigeria
Maaka,mew,Nigeria
Mada,mda,Nigeria
Mafa,maf,Nigeria
Mak,pbl,Nigeria
Mama,mma,Nigeria
Manga Kanuri,kby,Nigeria
Mansi,zns,Nigeria
Marghi Central,mrt,Nigeria
Marghi South,mfm,Nigeria
Mashi,jms,Nigeria
Mbat,bau,Nigeria
Mbe,mfo,Nigeria
Mboi,moi,Nigeria
Mbongno,bgu,Nigeria
Mbula-Bwazza,mbu,Nigeria
Mgbolizhia,gmz,Nigeria
Migili,mgi,Nigeria
Mindat,mmf,Nigeria
Mingang Doso,mko,Nigeria
Miship,mjs,Nigeria
Moo,gwg,Nigeria
Mumuye,mzm,Nigeria
Mvanip,mcj,Nigeria
Mwaghavul,sur,Nigeria
Mághdì,gmd,Nigeria
Nde-Gbite,ned,Nigeria
Nde-Nsele-Nta,ndd,Nigeria
Ndoe,nbb,Nigeria
Ndoola,ndr,Nigeria
Ndunda,nuh,Nigeria
Ngamo,nbh,Nigeria
Ngas,anc,Nigeria
Nggwahyi,ngx,Nigeria
Ngizim,ngi,Nigeria
Ngwaba,ngw,Nigeria
Nigeria Mambila,mzk,Nigeria
Nigerian Fulfulde,fuv,Nigeria
Nigerian Pidgin,pcm,Nigeria
Nigerian Sign Language,nsi,Nigeria
Nikyob-Nindem,kdp,Nigeria
Ninzo,nin,Nigeria
Njerep,njr,Nigeria
Nkari,nkz,Nigeria
Nkem-Nkum,isi,Nigeria
Nkoroo,nkx,Nigeria
Nkukoli,nbo,Nigeria
Nnam,nbp,Nigeria
Nteng,nqt,Nigeria
Numana,nbr,Nigeria
Nungu,rin,Nigeria
Nungura,lnu,Nigeria
Nupe-Nupe-Tako,nup,Nigeria
Nya Huba,hbb,Nigeria
Nyam,nmi,Nigeria
eNyankpa,tru,Nigeria
Nzanyi,nja,Nigeria
Obolo,ann,Nigeria
Obulom,obu,Nigeria
Odual,odu,Nigeria
Odut,oda,Nigeria
Ogbah,ogc,Nigeria
Ogbia,ogb,Nigeria
Ogbogolo,ogg,Nigeria
Ogbronuagum,ogu,Nigeria
Oko-Eni-Osayen,oks,Nigeria
Okobo,okb,Nigeria
Okodia,okd,Nigeria
Okpamheri,opa,Nigeria
Okpe,oke,Nigeria
Okpe,okx,Nigeria
Oloma,olm,Nigeria
Olulumo-Ikom,iko,Nigeria
Olùkùmi,ulb,Nigeria
Orake,ids,Nigeria
Oring,org,Nigeria
Oro,orx,Nigeria
Oruma,orr,Nigeria
Ososo,oso,Nigeria
Oyuwu,aye,Nigeria
O’chi’chi’,xoc,Nigeria
Panawa,pwb,Nigeria
Pangseng,pgs,Nigeria
Pangu,png,Nigeria
Pa’anci,pqa,Nigeria
Pero,pip,Nigeria
Pesse,pze,Nigeria
Piapung,pcw,Nigeria
Piya-Kwonci,piy,Nigeria
Psikye,kvj,Nigeria
Putai,mfl,Nigeria
Pyam,pym,Nigeria
Pye,pai,Nigeria
Rang,rax,Nigeria
Reshe,res,Nigeria
Rigwe,iri,Nigeria
Rishiwa,rsw,Nigeria
Rjili,uji,Nigeria
Robambami,ibm,Nigeria
Rogo,rod,Nigeria
Rom,tdk,Nigeria
Ron,cla,Nigeria
Ruma,ruz,Nigeria
Samba Daka,ccg,Nigeria
Samba Leko,ndi,Nigeria
Sambe,xab,Nigeria
Sanga,xsn,Nigeria
Sasaru,sxs,Nigeria
Saya,say,Nigeria
Shall-Zwall,sha,Nigeria
Shama-Sambuga,sqa,Nigeria
Shamang,xsh,Nigeria
Shanga,sho,Nigeria
Shau,sqh,Nigeria
Sheni,scv,Nigeria
Shiki,gua,Nigeria
Shoo-Minda-Nye,bcv,Nigeria
Shuwa Arabic,shu,Nigeria
Siri,sir,Nigeria
Somyev,kgt,Nigeria
Southeast Ijo,ijs,Nigeria
Sukur,syk,Nigeria
Sya,scw,Nigeria
Tal,tal,Nigeria
Tala,tak,Nigeria
Tangale,tan,Nigeria
Tarjumo,txj,Nigeria
Tarok,yer,Nigeria
Tehl,mtl,Nigeria
Teme,tdo,Nigeria
Tera,ttr,Nigeria
Teshenawa,twc,Nigeria
Tha,thy,Nigeria
Tigon Mbembe,nza,Nigeria
Tita,tdq,Nigeria
Tiv,tiv,Nigeria
Tiyaa,tyy,Nigeria
Tsikimba,kdl,Nigeria
Tsishingini,tsw,Nigeria
Tso,ldp,Nigeria
Tsucuba,cbq,Nigeria
Tsuvadi,tvd,Nigeria
Tugbiri-Niragu,grh,Nigeria
Tula,tul,Nigeria
Tulai,tvi,Nigeria
Tunzuii,dza,Nigeria
Tuttumi,kku,Nigeria
Tyap,kcg,Nigeria
Tèẹ̀ ̣,tkq,Nigeria
Ubaghara,byc,Nigeria
Ubang,uba,Nigeria
Uda,uda,Nigeria
Uhami,uha,Nigeria
Ukaan,kcf,Nigeria
Ukpet-Ehom,akd,Nigeria
Ukue,uku,Nigeria
Ukwa,ukq,Nigeria
Ukwuani-Aboh-Ndoni,ukw,Nigeria
Uneme,une,Nigeria
Urhobo,urh,Nigeria
Usaghade,usk,Nigeria
Utugwang-Irungene-Afrike,afe,Nigeria
Uvbie,evh,Nigeria
Uzekwe,eze,Nigeria
Vemgo-Mabas,vem,Nigeria
Verre,ver,Nigeria
Viti,vit,Nigeria
Vori,sde,Nigeria
Voro,vor,Nigeria
Vune mi,mkf,Nigeria
Vute,vut,Nigeria
Waja,wja,Nigeria
Waka,wav,Nigeria
Wandala,mfi,Nigeria
Wannu,jub,Nigeria
Wapan,juk,Nigeria
Warji,wji,Nigeria
Wom,wom,Nigeria
Wãpha,juw,Nigeria
Yace,ekr,Nigeria
Yala,yba,Nigeria
Yamba,yam,Nigeria
Yangkam,bsx,Nigeria
Yedina,bdm,Nigeria
Yendang,ynq,Nigeria
Yerwa Kanuri,knc,Nigeria
Yoruba,yor,Nigeria
Yotti,yot,Nigeria
Yukuben,ybl,Nigeria
Ywom,gek,Nigeria
Zamwal,zah,Nigeria
Zari,zaz,Nigeria
Zarma,dje,Nigeria
Zeem,zem,Nigeria
Zhire,zhi,Nigeria
Zibinju,jmb,Nigeria
Zizilivakan,ziz,Nigeria
Zul,zlu,Nigeria
us-Saare,uss,Nigeria
ut-Hun,uth,Nigeria
ut-Ma’in,gel,Nigeria
Áncá,acb,Nigeria
Réunion French Creole,rcf,Réunion
Kinyarwanda,kin,Rwanda
Nyankore,nyn,Rwanda
Rwandan Sign Language,rsn,Rwanda
Angolar,aoa,Sao Tome and Principe
Principense,pre,Sao Tome and Principe
Sãotomense,cri,Sao Tome and Principe
Badyara,pbp,Senegal
Bainouk-Gunyaamolo,bcz,Senegal
Bainouk-Samik,bcb,Senegal
Balanta-Ganja,bjt,Senegal
Bandial,bqj,Senegal
Bayot,bda,Senegal
Ejamat,eja,Senegal
Gusilay,gsl,Senegal
Jalunga,yal,Senegal
Jola-Fonyi,dyo,Senegal
Jola-Kasa,csk,Senegal
Karon,krx,Senegal
Kerak,hhr,Senegal
Kuwaataay,cwt,Senegal
Laalaa,cae,Senegal
Mandinka,mnk,Senegal
Mandjak,mfv,Senegal
Mankanya,knf,Senegal
Mlomp,mlo,Senegal
Ménik,tnr,Senegal
Ndut,ndv,Senegal
Noon,snf,Senegal
Oniyan,bsc,Senegal
Paloor,fap,Senegal
Pulaar,fuc,Senegal
Saafi-Saafi,sav,Senegal
Serer-Sine,srr,Senegal
Soninke,snk,Senegal
Wamey,cou,Senegal
Western Maninkakan,mlq,Senegal
Wolof,wol,Senegal
Seychelles French Creole,crs,Seychelles
Seychelles Sign Language,lsw,Seychelles
Bom-Kim,bmf,Sierra Leone
Bullom So,buy,Sierra Leone
East Limba,lma,Sierra Leone
Eastern Maninkakan,emk,Sierra Leone
Gola,gol,Sierra Leone
Kono,kno,Sierra Leone
Krio,kri,Sierra Leone
Kuranko,knk,Sierra Leone
Loko,lok,Sierra Leone
Mende,men,Sierra Leone
Northern Kissi,kqs,Sierra Leone
Sherbro,bun,Sierra Leone
Sierra Leone Sign Language,sgx,Sierra Leone
Southern Kisi,kss,Sierra Leone
Susu,sus,Sierra Leone
Themne,tem,Sierra Leone
Vai,vai,Sierra Leone
West-Central Limba,lia,Sierra Leone
Yalunka,yal,Sierra Leone
Boon,bnl,Somalia
Borana-Arsi-Guji Oromo,gax,Somalia
Dabarre,dbr,Somalia
Garre,gex,Somalia
Jiiddu,jii,Somalia
Maay,ymm,Somalia
Mushungulu,xma,Somalia
Somali,som,Somalia
Swahili,swh,Somalia
Tunni,tqq,Somalia
Afrikaans,afr,South Africa
Camtho,cmt,South Africa
Flaaitaal,fly,South Africa
Gail,gic,South Africa
Korana,kqz,South Africa
Lower Nossob,nsb,South Africa
Ndebele,nbl,South Africa
Northern Sotho,nso,South Africa
Nǁng,ngh,South Africa
Oorlams,oor,South Africa
Pidgin Bantu,fng,South Africa
Ronga,rng,South Africa
Seroa,kqu,South Africa
Setswana,tsn,South Africa
South African Sign Language,sfs,South Africa
Southern Sotho,sot,South Africa
Swati,ssw,South Africa
Tsonga,tso,South Africa
Venda,ven,South Africa
Xhosa,xho,South Africa
Xiri,xii,South Africa
Zulu,zul,South Africa
ǀXam,xam,South Africa
ǁXegwi,xeg,South Africa
‡Ungkue,gku,South Africa
,,South Africa
Acholi,ach,South Sudan
Aja,aja,South Sudan
Anuak,anu,South Sudan
Avokaya,avu,South Sudan
Bai,bdj,South Sudan
Baka,bdh,South Sudan
Bari,bfa,South Sudan
Belanda Bor,bxb,South Sudan
Belanda Viri,bvi,South Sudan
Beli,blm,South Sudan
Bongo,bot,South Sudan
Didinga,did,South Sudan
Dongotono,ddd,South Sudan
Feroge,fer,South Sudan
Gbaya,krs,South Sudan
Homa,hom,South Sudan
Imotong,imt,South Sudan
Indri,idr,South Sudan
Juba Arabic,pga,South Sudan
Jumjum,jum,South Sudan
Jur Modo,bex,South Sudan
Kacipo-Bale Suri,koe,South Sudan
Kakwa,keo,South Sudan
Keliko,kbo,South Sudan
Komo,xom,South Sudan
Laarim,loh,South Sudan
Lango,lgo,South Sudan
Logir,lqr,South Sudan
Lokoya,lky,South Sudan
Lopit,lpx,South Sudan
Luwo,lwo,South Sudan
Mabaan,mfz,South Sudan
Mandari,mqu,South Sudan
Mangayat,myj,South Sudan
Ma’di,mhi,South Sudan
Mittu,mwu,South Sudan
Morokodo,mgc,South Sudan
Moru,mgd,South Sudan
Mo’da,gbn,South Sudan
Murle,mur,South Sudan
Mündü,muh,South Sudan
Ndogo,ndz,South Sudan
Njalgulgule,njl,South Sudan
Northeastern Dinka,dip,South Sudan
Northwestern Dinka,diw,South Sudan
Nuer,nus,South Sudan
Nyamusa-Molo,nwm,South Sudan
Okolie,oie,South Sudan
Olu’bo,lul,South Sudan
Opo,lgn,South Sudan
Otuho,lot,South Sudan
Päri,lkr,South Sudan
Reel,atu,South Sudan
Shilluk,shk,South Sudan
South Central Dinka,dib,South Sudan
Southeastern Dinka,dks,South Sudan
Southwestern Dinka,dik,South Sudan
Sudanese Arabic,apd,South Sudan
Tennet,tex,South Sudan
Thuri,thu,South Sudan
Togoyo,tgy,South Sudan
Toposa,toq,South Sudan
Uduk,udu,South Sudan
Zande,zne,South Sudan
,,South Sudan
Acheron,acz,Sudan
Afitti,aft,Sudan
Aka,soh,Sudan
Ama,nyi,Sudan
Andaandi,dgl,Sudan
Baygo,byg,Sudan
Bedawiyet,bej,Sudan
Berta,wti,Sudan
Berti,byt,Sudan
Birked,brk,Sudan
Burun,bdi,Sudan
Coptic,cop,Sudan
Dagik,dec,Sudan
Dair,drb,Sudan
Dar Fur Daju,daj,Sudan
Dar Sila Daju,dau,Sudan
Dilling,dil,Sudan
El Hugeirat,elh,Sudan
Fur,fvr,Sudan
Gaam,tbi,Sudan
Ganza,gza,Sudan
Gbaya,krs,Sudan
Ghulfan,ghl,Sudan
Gula,kcm,Sudan
Gule,gly,Sudan
Gumuz,guk,Sudan
Heiban,hbn,Sudan
Jumjum,jum,Sudan
Kadaru,kdu,Sudan
Kanga,kcp,Sudan
Karko,kko,Sudan
Katcha-Kadugli-Miri,xtc,Sudan
Katla,kcr,Sudan
Keiga,kec,Sudan
Kelo,xel,Sudan
Ko,fuj,Sudan
Koalib,kib,Sudan
Komo,xom,Sudan
Krongo,kgo,Sudan
Lafofa,laf,Sudan
Laro,lro,Sudan
Logol,lof,Sudan
Logorik,liu,Sudan
Lumun,lmd,Sudan
Masalit,mls,Sudan
Midob,mei,Sudan
Molo,zmo,Sudan
Moro,mor,Sudan
Nding,eli,Sudan
Ngile,jle,Sudan
Nobiin,fia,Sudan
Otoro,otr,Sudan
Shatt,shj,Sudan
Shwai,shw,Sudan
Sudanese Arabic,apd,Sudan
Tagoi,tag,Sudan
Talodi,tlo,Sudan
Tama,tma,Sudan
Tegali,ras,Sudan
Temein,teq,Sudan
Tese,keg,Sudan
Tigré,tig,Sudan
Tima,tms,Sudan
Tira,tic,Sudan
Tocho,taz,Sudan
Torona,tqr,Sudan
Tulishi,tey,Sudan
Tumtum,tbr,Sudan
Uduk,udu,Sudan
Wali,wll,Sudan
Warnang,wrn,Sudan
Yulu,yul,Sudan
Zaghawa,zag,Sudan
Aasáx,aas,Tanzania
Alagwa,wbj,Tanzania
Asu,asa,Tanzania
Bembe,bmb,Tanzania
Bena,bez,Tanzania
Benamanga,egm,Tanzania
Bende,bdp,Tanzania
Bondei,bou,Tanzania
Bungu,wun,Tanzania
Burunge,bds,Tanzania
Chingoni,xnj,Tanzania
Cutchi-Swahili,ccl,Tanzania
Datooga,tcc,Tanzania
Dhaiso,dhs,Tanzania
Digo,dig,Tanzania
Doe,doe,Tanzania
Fipa,fip,Tanzania
Gogo,gog,Tanzania
Gorwaa,gow,Tanzania
Gusii,guz,Tanzania
Gweno,gwe,Tanzania
Ha,haq,Tanzania
Hadza,hts,Tanzania
Hangaza,han,Tanzania
Haya,hay,Tanzania
Hehe,heh,Tanzania
Ikizu,ikz,Tanzania
Ikoma-Nata-Isenye,ntk,Tanzania
Iraqw,irk,Tanzania
Isanzu,isn,Tanzania
Jita,jit,Tanzania
Kabwa,cwa,Tanzania
Kagulu,kki,Tanzania
Kahe,hka,Tanzania
Kamba,kam,Tanzania
Kami,kcu,Tanzania
Kara,reg,Tanzania
Kerewe,ked,Tanzania
Kimbu,kiv,Tanzania
Kinga,zga,Tanzania
Kisankasa,kqh,Tanzania
Kisi,kiz,Tanzania
Konongo,kcz,Tanzania
Kuria,kuj,Tanzania
Kutu,kdc,Tanzania
Kwaya,kya,Tanzania
Kwere,cwe,Tanzania
Kw’adza,wka,Tanzania
Lambya,lai,Tanzania
Luguru,ruf,Tanzania
Luo,luo,Tanzania
Maasai,mas,Tanzania
Machame,jmc,Tanzania
Machinga,mvw,Tanzania
Magoma,gmx,Tanzania
Makhuwa-Meetto,mgh,Tanzania
Makonde,kde,Tanzania
Malila,mgq,Tanzania
Mambwe-Lungu,mgr,Tanzania
Manda,mgs,Tanzania
Maraba,ymk,Tanzania
Matambwe,wtb,Tanzania
Matengo,mgv,Tanzania
Matumbi,mgw,Tanzania
Mbugu,mhd,Tanzania
Mbugwe,mgz,Tanzania
Mbunga,mgy,Tanzania
Mochi,old,Tanzania
Mpoto,mpa,Tanzania
Mwera,mwe,Tanzania
Mwera,mjh,Tanzania
Ndali,ndh,Tanzania
Ndamba,ndj,Tanzania
Ndendeule,dne,Tanzania
Ndengereko,ndg,Tanzania
Ndonde Hamba,njd,Tanzania
Ndwewe,nww,Tanzania
Ngasa,nsg,Tanzania
Ngindo,nnq,Tanzania
Ngoreme,ngq,Tanzania
Ngulu,ngp,Tanzania
Nilamba,nim,Tanzania
Nindi,nxi,Tanzania
Nyakyusa-Ngonde,nyy,Tanzania
Nyambo,now,Tanzania
Nyamwanga,mwn,Tanzania
Nyamwezi,nym,Tanzania
Nyaturu,rim,Tanzania
Pangwa,pbr,Tanzania
Pimbwe,piw,Tanzania
Pogolo,poy,Tanzania
Rangi,lag,Tanzania
Rombo,rof,Tanzania
Rungwa,rnw,Tanzania
Ruwila,rwl,Tanzania
Rwa,rwk,Tanzania
Safwa,sbk,Tanzania
Sagala,sbm,Tanzania
Sandawe,sad,Tanzania
Sangu,sbp,Tanzania
Segeju,seg,Tanzania
Shambala,ksb,Tanzania
Shubi,suj,Tanzania
Suba-Simbiti,ssc,Tanzania
Subi,xsj,Tanzania
Sukuma,suk,Tanzania
Sumbwa,suw,Tanzania
Swahili,swh,Tanzania
Tanzania Nyiha,nih,Tanzania
Tanzania Nyika,nkt,Tanzania
Tanzanian Sign Language,tza,Tanzania
Temi,soz,Tanzania
Tongwe,tny,Tanzania
Vidunda,vid,Tanzania
Vunjo,vun,Tanzania
Vwanji,wbi,Tanzania
Wanda,wbh,Tanzania
Zanaki,zak,Tanzania
Zaramo,zaj,Tanzania
Zigula,ziw,Tanzania
Zinza,zin,Tanzania
Adangbe,adq,Togo
Adele,ade,Togo
Aguna,aug,Togo
Aja,ajg,Togo
Akaselem,aks,Togo
Akebu,keu,Togo
Anii,blo,Togo
Anufo,cko,Togo
Bago-Kusuntu,bqg,Togo
Biali,beh,Togo
Bissa,bib,Togo
Delo,ntr,Togo
Ditammari,tbz,Togo
Fon,fon,Togo
Gen,gej,Togo
Ginyanga,ayg,Togo
Gourmanchéma,gux,Togo
Ifè,ife,Togo
Igo,ahl,Togo
Ikposo,kpo,Togo
Kabiyè,kbp,Togo
Konkomba,xon,Togo
Kpessi,kef,Togo
Kusaal,kus,Togo
Lama,las,Togo
Lukpa,dop,Togo
Maxi Gbe,mxl,Togo
Mbelime,mql,Togo
Miyobe,soy,Togo
Moba,mfq,Togo
Moore,mos,Togo
Nawdm,nmz,Togo
Ngangam,gng,Togo
Northern Nago,xkb,Togo
Ntcham,bud,Togo
Tem,kdh,Togo
Waci Gbe,wci,Togo
Western Xwla Gbe,xwl,Togo
Wudu,wud,Togo
Éwé,ewe,Togo
Lingua Franca,pml,Tunisia
Sened,sds,Tunisia
Tunisian Arabic,aeb,Tunisia
Tunisian Sign Language,tse,Tunisia
,,Tunisia
Acholi,ach,Uganda
Alur,alz,Uganda
Amba,rwm,Uganda
Aringa,luc,Uganda
Ateso,teo,Uganda
Bukusu,bxk,Uganda
Chiga,cgg,Uganda
Fumbira,kin,Uganda
Ganda,lug,Uganda
Gungu,rub,Uganda
Gwere,gwr,Uganda
Ik,ikx,Uganda
Jopadhola,adh,Uganda
Kakwa,keo,Uganda
Kebu,ndp,Uganda
Kenye,lke,Uganda
Konzo,koo,Uganda
Kuku,ukv,Uganda
Kumam,kdi,Uganda
Kupsapiiny,kpz,Uganda
Lango,laj,Uganda
Lugbara,lgg,Uganda
Masaaba,myx,Uganda
Ma’di,mhi,Uganda
Ndrulo,dno,Uganda
Ng’akarimojong,kdj,Uganda
Nubi,kcn,Uganda
Nyang’i,nyp,Uganda
Nyankore,nyn,Uganda
Nyole,nuj,Uganda
Nyoro,nyo,Uganda
Pökoot,pko,Uganda
Ruruuli-Runyala,ruc,Uganda
Saamya-Gwe,lsm,Uganda
Soga,xog,Uganda
Soo,teu,Uganda
Southern Ma’di,snm,Uganda
Talinga-Bwisi,tlj,Uganda
Thur,lth,Uganda
Tooro,ttj,Uganda
Ugandan Sign Language,ugn,Uganda
Hassaniyya Arabic,mey,Western Sahara
Moroccan Arabic,ary,Western Sahara
Tachelhit,shi,Western Sahara
Aushi,auh,Zambia
Bemba,bem,Zambia
Bwile,bwc,Zambia
Chichewa,nya,Zambia
Fwe,fwe,Zambia
Ila,ilb,Zambia
Kaonde,kqn,Zambia
Kuhane,sbs,Zambia
Kunda,kdn,Zambia
Lala-Bisa,leb,Zambia
Lamba,lam,Zambia
Lambya,lai,Zambia
Lenje,leh,Zambia
Lozi,loz,Zambia
Lunda,lun,Zambia
Luvale,lue,Zambia
Luyana,lyn,Zambia
Mambwe-Lungu,mgr,Zambia
Mashi,mho,Zambia
Mbowe,mxo,Zambia
Mbukushu,mhw,Zambia
Mbunda,mck,Zambia
Nkoya,nka,Zambia
Nsenga,nse,Zambia
Nyamwanga,mwn,Zambia
Nyiha,nih,Zambia
Nyika,nkv,Zambia
Sala,shq,Zambia
Settla,sta,Zambia
Shona,sna,Zambia
Simaa,sie,Zambia
Soli,sby,Zambia
Taabwa,tap,Zambia
Tonga,toi,Zambia
Totela,ttl,Zambia
Tumbuka,tum,Zambia
Yauma,yax,Zambia
Zambian Sign Language,zsl,Zambia
Barwe,bwg,Zimbabwe
Birwa,brl,Zimbabwe
Dombe,dov,Zimbabwe
Kalanga,kck,Zimbabwe
Kunda,kdn,Zimbabwe
Lozi,loz,Zimbabwe
Manyika,mxc,Zimbabwe
Nambya,nmq,Zimbabwe
Ndau,ndc,Zimbabwe
Ndebele,nde,Zimbabwe
Nsenga,nse,Zimbabwe
Shona,sna,Zimbabwe
Tonga,toi,Zimbabwe
Tswa,tsc,Zimbabwe
Venda,ven,Zimbabwe
Zimbabwe Sign Language,zib,Zimbabwe
